-- --------------------------------------------------------
-- 호스트:                          127.0.0.1
-- 서버 버전:                        10.3.23-MariaDB - mariadb.org binary distribution
-- 서버 OS:                        Win64
-- HeidiSQL 버전:                  11.0.0.5919
-- --------------------------------------------------------

/*!40101 SET @OLD_CHARACTER_SET_CLIENT=@@CHARACTER_SET_CLIENT */;
/*!40101 SET NAMES utf8 */;
/*!50503 SET NAMES utf8mb4 */;
/*!40014 SET @OLD_FOREIGN_KEY_CHECKS=@@FOREIGN_KEY_CHECKS, FOREIGN_KEY_CHECKS=0 */;
/*!40101 SET @OLD_SQL_MODE=@@SQL_MODE, SQL_MODE='NO_AUTO_VALUE_ON_ZERO' */;


-- apfm 데이터베이스 구조 내보내기
CREATE DATABASE IF NOT EXISTS `apfm` /*!40100 DEFAULT CHARACTER SET utf8 */;
USE `apfm`;

-- 테이블 apfm.gs_cns_ask 구조 내보내기
CREATE TABLE IF NOT EXISTS `gs_cns_ask` (
  `NUM` int(11) NOT NULL COMMENT '일련번호',
  `PW` varchar(50) CHARACTER SET utf8 DEFAULT NULL COMMENT '비밀번호',
  `TITLE` varchar(300) CHARACTER SET utf8 DEFAULT NULL COMMENT '제목',
  `CNTN` varchar(1000) CHARACTER SET utf8 DEFAULT NULL COMMENT '내용',
  `WRITER` varchar(50) CHARACTER SET utf8 DEFAULT NULL COMMENT '등록자명',
  `CNSLE_ID` varchar(50) CHARACTER SET utf8 DEFAULT NULL COMMENT '등록자ID',
  `VIEW_CNT` int(11) DEFAULT NULL COMMENT '조회수',
  `ANSWER_YN` char(1) CHARACTER SET utf8 DEFAULT 'N' COMMENT '답변여부',
  `DB_INS_TM` timestamp NULL DEFAULT NULL COMMENT '문의일자'
) ENGINE=InnoDB DEFAULT CHARSET=latin1 COMMENT='상담문의하기';

-- 테이블 데이터 apfm.gs_cns_ask:~4 rows (대략적) 내보내기
/*!40000 ALTER TABLE `gs_cns_ask` DISABLE KEYS */;
INSERT INTO `gs_cns_ask` (`NUM`, `PW`, `TITLE`, `CNTN`, `WRITER`, `CNSLE_ID`, `VIEW_CNT`, `ANSWER_YN`, `DB_INS_TM`) VALUES
	(2, '1234', '상담문의합니다2', '상담문의합니다 날짜 조정은 어떻게 해야되나요?2', '홍길동', 'aa', NULL, 'N', '2020-09-29 17:08:57'),
	(3, '1234', '상담문의합니다3', '상담문의합니다 날짜 조정은 어떻게 해야되나요?3', '홍길동', 'aa', NULL, 'N', '2020-10-03 17:08:57'),
	(1, '1234', '상담문의합니다', '상담문의합니다 날짜 조정은 어떻게 해야되나요?', '홍길동', 'aa', NULL, 'Y', '2020-11-16 17:08:57'),
	(4, '1234', '상담문의합니다', '상담문의합니다상담문의합니다', 'aa', 'aa', 0, 'N', '2020-12-01 10:32:12');
/*!40000 ALTER TABLE `gs_cns_ask` ENABLE KEYS */;

-- 테이블 apfm.gs_cns_ask_ans 구조 내보내기
CREATE TABLE IF NOT EXISTS `gs_cns_ask_ans` (
  `NUM` int(11) NOT NULL COMMENT '일련번호',
  `ANS_TITLE` varchar(300) CHARACTER SET utf8 DEFAULT NULL COMMENT '제목',
  `ANS_CNTN` varchar(1000) CHARACTER SET utf8 DEFAULT NULL COMMENT '내용',
  `CNSR_ID` varchar(50) CHARACTER SET utf8 DEFAULT NULL COMMENT '답변자ID',
  `CNSR_NM` varchar(50) CHARACTER SET utf8 DEFAULT NULL COMMENT '답변자명',
  `ANS_DB_INS_TM` timestamp NULL DEFAULT NULL COMMENT '답변일자'
) ENGINE=InnoDB DEFAULT CHARSET=latin1 COMMENT='상담문의하기 답변내용';

-- 테이블 데이터 apfm.gs_cns_ask_ans:~1 rows (대략적) 내보내기
/*!40000 ALTER TABLE `gs_cns_ask_ans` DISABLE KEYS */;
INSERT INTO `gs_cns_ask_ans` (`NUM`, `ANS_TITLE`, `ANS_CNTN`, `CNSR_ID`, `CNSR_NM`, `ANS_DB_INS_TM`) VALUES
	(1, '상담문의합니다', '상담문의에 대한 답변입니다.', 'test101', '박상담', '2020-12-16 17:37:35');
/*!40000 ALTER TABLE `gs_cns_ask_ans` ENABLE KEYS */;

-- 테이블 apfm.gs_cns_req 구조 내보내기
CREATE TABLE IF NOT EXISTS `gs_cns_req` (
  `NUM` int(11) NOT NULL COMMENT '일련번호',
  `CNS_GB` char(1) DEFAULT NULL COMMENT '상담구분',
  `CNSR_GB` char(1) DEFAULT NULL COMMENT '상담자구분',
  `ZONE_GB` char(3) DEFAULT NULL COMMENT '권역구분',
  `CNS_REQ_GB` char(10) DEFAULT NULL COMMENT '상담신청구분',
  `CENTER_GB` char(10) DEFAULT NULL COMMENT '센터구분',
  `CNSLE_ID` varchar(50) DEFAULT NULL COMMENT '내담자ID',
  `CNSLE_NM` varchar(50) DEFAULT NULL COMMENT '내담자명',
  `CNS_DT` varchar(20) DEFAULT NULL COMMENT '상담일자',
  `CNS_DTL` char(3) DEFAULT NULL COMMENT '상담경위',
  `CNS_DT_STD_HOUR` int(11) DEFAULT NULL COMMENT '상담일자_시작_시간',
  `CNS_DT_STD_MIN` int(11) DEFAULT NULL COMMENT '상담일자_시작_분',
  `CNS_DT_END_HOUR` int(11) DEFAULT NULL COMMENT '상담일자_종료_시간',
  `CNS_DT_END_MIN` int(11) DEFAULT NULL COMMENT '상담일자_종료_분',
  `CNS_DT_TOT_MIN` int(11) DEFAULT NULL COMMENT '상담시간_총분',
  `GENDER` char(1) DEFAULT NULL COMMENT '성별',
  `BIRTH` varchar(10) DEFAULT NULL COMMENT '생일',
  `EMAIL` varchar(50) DEFAULT NULL COMMENT '이메일',
  `TEL` varchar(20) DEFAULT NULL COMMENT '전화번호',
  `PHONE` varchar(16) DEFAULT NULL COMMENT '핸드폰',
  `ADDRESS` varchar(300) DEFAULT NULL COMMENT '주소',
  `CNS_HIS` char(1) DEFAULT NULL COMMENT '상담이력',
  `OLDER_REL` char(1) DEFAULT NULL COMMENT '노인과의관계',
  `EDU` char(1) DEFAULT NULL COMMENT '학력',
  `RELG` char(1) DEFAULT NULL COMMENT '종교',
  `LIVG_FORM` char(1) DEFAULT NULL COMMENT '주거형태',
  `HOUSE_FORM` char(1) DEFAULT NULL COMMENT '주택형태',
  `MERR_STAT` char(1) DEFAULT NULL COMMENT '결혼상태',
  `LIVE_FORM` char(1) DEFAULT NULL COMMENT '동거형태',
  `MAJOR_PROB` char(1) DEFAULT NULL COMMENT '주요문제',
  `PSY_EXAM` varchar(1000) DEFAULT NULL COMMENT '심리검사',
  `CNS_CNTN` varchar(1000) DEFAULT NULL COMMENT '주상담희망내용',
  `DB_INS_TM` timestamp NOT NULL DEFAULT current_timestamp() ON UPDATE current_timestamp() COMMENT '등록일시',
  PRIMARY KEY (`NUM`) USING BTREE
) ENGINE=InnoDB DEFAULT CHARSET=utf8 COMMENT='상담신청';

-- 테이블 데이터 apfm.gs_cns_req:~5 rows (대략적) 내보내기
/*!40000 ALTER TABLE `gs_cns_req` DISABLE KEYS */;
INSERT INTO `gs_cns_req` (`NUM`, `CNS_GB`, `CNSR_GB`, `ZONE_GB`, `CNS_REQ_GB`, `CENTER_GB`, `CNSLE_ID`, `CNSLE_NM`, `CNS_DT`, `CNS_DTL`, `CNS_DT_STD_HOUR`, `CNS_DT_STD_MIN`, `CNS_DT_END_HOUR`, `CNS_DT_END_MIN`, `CNS_DT_TOT_MIN`, `GENDER`, `BIRTH`, `EMAIL`, `TEL`, `PHONE`, `ADDRESS`, `CNS_HIS`, `OLDER_REL`, `EDU`, `RELG`, `LIVG_FORM`, `HOUSE_FORM`, `MERR_STAT`, `LIVE_FORM`, `MAJOR_PROB`, `PSY_EXAM`, `CNS_CNTN`, `DB_INS_TM`) VALUES
	(1, '1', NULL, '1', '1', '1', 'aa', 'fdsd', NULL, NULL, NULL, NULL, NULL, NULL, NULL, 'M', '2020-05-22', 'test7@naver.com', '01090903535', '01031221232', '서울시 성동구', 'Y', NULL, NULL, NULL, NULL, NULL, NULL, NULL, NULL, NULL, '서울시 성동구', '2020-11-22 18:14:55'),
	(2, '1', NULL, '1', '1', '1', 'aa', 'bbb', NULL, NULL, NULL, NULL, NULL, NULL, NULL, 'M', '2020-05-22', 'test6@naver.com', '01090903535', '01031223335', '서울시 성동구', 'Y', NULL, NULL, NULL, NULL, NULL, NULL, NULL, NULL, NULL, '서울시 성동구', '2020-11-22 18:37:16'),
	(3, '1', NULL, '1', '1', '1', 'aa', '', NULL, NULL, NULL, NULL, NULL, NULL, NULL, 'M', '2020-05-22', '', '', '', '', 'Y', NULL, NULL, NULL, NULL, NULL, NULL, NULL, NULL, NULL, '', '2020-11-24 20:09:41'),
	(4, '1', '1', '1', '1', '1', 'aa', '홍길동', '2020-05-22', NULL, NULL, NULL, NULL, NULL, NULL, 'M', '2020-05-22', 'test7@naver.com', '01090903535', '01031221232', '서울시 성동구', 'Y', NULL, NULL, NULL, NULL, '1', '1', '1', '1', '서울시 성동구', '서울시 성동구', '2020-11-24 20:35:51'),
	(5, '1', '1', '1', '1', '1', 'aa', '홍길동', '2020-05-22', '4', 12, 12, 12, 12, 12, 'M', '2020-05-22', 'test7@naver.com', '01090903535', '01031221232', '서울시 성동구', 'Y', '1', '1', '1', '1', '1', '1', '1', '1', '서울시 성동구', '서울시 성동구', '2020-11-24 20:38:18');
/*!40000 ALTER TABLE `gs_cns_req` ENABLE KEYS */;

-- 테이블 apfm.gs_cns_req_add 구조 내보내기
CREATE TABLE IF NOT EXISTS `gs_cns_req_add` (
  `NUM` int(11) NOT NULL COMMENT '일련번호',
  `CASE_NO` int(11) DEFAULT NULL COMMENT 'case_no',
  `CNS_GB` char(1) CHARACTER SET utf8 DEFAULT NULL COMMENT '상담구분',
  `ZONE_GB` char(3) CHARACTER SET utf8 DEFAULT NULL COMMENT '권역구분',
  `CNS_REQ_GB` char(10) CHARACTER SET utf8 DEFAULT NULL COMMENT '상담신청구분',
  `CENTER_GB` char(10) CHARACTER SET utf8 DEFAULT NULL COMMENT '센터구분',
  `CNS_DTL` char(3) CHARACTER SET utf8 DEFAULT NULL COMMENT '상담경위',
  `OLDER_REL` char(1) CHARACTER SET utf8 DEFAULT NULL COMMENT '노인과의관계',
  `CNSLE_ID` varchar(50) CHARACTER SET utf8 DEFAULT NULL COMMENT '내담자ID',
  `CNSLE_NM` varchar(50) CHARACTER SET utf8 DEFAULT NULL COMMENT '내담자명',
  `CNSR_NM` varchar(50) CHARACTER SET utf8 DEFAULT NULL COMMENT '상담사명',
  `GENDER` char(1) CHARACTER SET utf8 DEFAULT NULL COMMENT '성별',
  `BIRTH_DT` varchar(10) CHARACTER SET utf8 DEFAULT NULL COMMENT '출생년도',
  `CNS_CNTN` varchar(1000) CHARACTER SET utf8 DEFAULT NULL COMMENT '상담내용',
  `CNS_STAT` char(1) CHARACTER SET utf8 DEFAULT NULL COMMENT '상담상태',
  `CNS_DT` varchar(20) CHARACTER SET utf8 DEFAULT NULL COMMENT '상담일자',
  `CNS_DT_STD_HOUR` int(11) DEFAULT NULL COMMENT '상담일자_시작_시간',
  `CNS_DT_STD_MIN` int(11) DEFAULT NULL COMMENT '상담일자_시작_분',
  `CNS_DT_END_HOUR` int(11) DEFAULT NULL COMMENT '상담일자_종료_시간',
  `CNS_DT_END_MIN` int(11) DEFAULT NULL COMMENT '상담일자_종료_분',
  `CNS_DT_TOT_MIN` int(11) DEFAULT NULL COMMENT '상담시간_총분',
  `PHONE` varchar(16) CHARACTER SET utf8 DEFAULT NULL COMMENT '핸드폰',
  `EMGCY_PHONE` varchar(16) CHARACTER SET utf8 DEFAULT NULL COMMENT '긴급연락처',
  `RELATION` varchar(50) CHARACTER SET utf8 DEFAULT NULL COMMENT '관계(긴급연락처)',
  `ADDRESS` varchar(100) CHARACTER SET utf8 DEFAULT NULL COMMENT '주소',
  `EDU` char(1) CHARACTER SET utf8 DEFAULT NULL COMMENT '학력',
  `RELG` char(1) CHARACTER SET utf8 DEFAULT NULL COMMENT '종교',
  `LIVG_FORM` char(1) CHARACTER SET utf8 DEFAULT NULL COMMENT '주거형태',
  `HOUSE_FORM` char(1) CHARACTER SET utf8 DEFAULT NULL COMMENT '주택형태',
  `MERR_STAT` char(1) CHARACTER SET utf8 DEFAULT NULL COMMENT '결혼상태',
  `LIVE_FORM` char(1) CHARACTER SET utf8 DEFAULT NULL COMMENT '동거형태',
  `MAJOR_PROB` char(1) CHARACTER SET utf8 DEFAULT NULL COMMENT '주요문제',
  `PSY_EXAM` varchar(1000) CHARACTER SET utf8 DEFAULT NULL COMMENT '심리검사',
  `DB_INS_TM` timestamp NOT NULL DEFAULT current_timestamp() ON UPDATE current_timestamp() COMMENT '등록일시'
) ENGINE=InnoDB DEFAULT CHARSET=latin1 COMMENT='상담신청(추가입력사항)';

-- 테이블 데이터 apfm.gs_cns_req_add:~1 rows (대략적) 내보내기
/*!40000 ALTER TABLE `gs_cns_req_add` DISABLE KEYS */;
INSERT INTO `gs_cns_req_add` (`NUM`, `CASE_NO`, `CNS_GB`, `ZONE_GB`, `CNS_REQ_GB`, `CENTER_GB`, `CNS_DTL`, `OLDER_REL`, `CNSLE_ID`, `CNSLE_NM`, `CNSR_NM`, `GENDER`, `BIRTH_DT`, `CNS_CNTN`, `CNS_STAT`, `CNS_DT`, `CNS_DT_STD_HOUR`, `CNS_DT_STD_MIN`, `CNS_DT_END_HOUR`, `CNS_DT_END_MIN`, `CNS_DT_TOT_MIN`, `PHONE`, `EMGCY_PHONE`, `RELATION`, `ADDRESS`, `EDU`, `RELG`, `LIVG_FORM`, `HOUSE_FORM`, `MERR_STAT`, `LIVE_FORM`, `MAJOR_PROB`, `PSY_EXAM`, `DB_INS_TM`) VALUES
	(1, 1001, NULL, NULL, NULL, NULL, '4', NULL, 'aa', '홍길동', 'test', 'M', '2020-05-22', '상담신청합니다', NULL, '2020-06-29', 12, 12, 12, 12, 12, '01031221232', '01063227758', '자녀', '서울시 성동구', '1', '1', '1', '1', '1', '1', '1', '상담신청합니다', '2020-11-24 14:54:09');
/*!40000 ALTER TABLE `gs_cns_req_add` ENABLE KEYS */;

-- 테이블 apfm.gs_cns_req_file 구조 내보내기
CREATE TABLE IF NOT EXISTS `gs_cns_req_file` (
  `FILE_NUM` int(11) NOT NULL COMMENT '파일_일련번호',
  `REG_ID` varchar(50) DEFAULT NULL COMMENT '등록자ID',
  `REG_NM` varchar(50) DEFAULT NULL COMMENT '등록자명',
  `FILE_NM` varchar(200) DEFAULT NULL COMMENT '오리지널_파일명',
  `SYS_FILE_NM` varchar(100) DEFAULT NULL COMMENT '시스템_파일명',
  `FILE_PATH` varchar(200) DEFAULT NULL COMMENT '파일_경로',
  `FILE_SIZE` int(11) DEFAULT 0 COMMENT '파일_사이즈',
  `FILE_DESC` varchar(1000) DEFAULT NULL COMMENT '파일_설명',
  `DB_INS_TM` timestamp NULL DEFAULT NULL COMMENT '등록_일시',
  PRIMARY KEY (`FILE_NUM`)
) ENGINE=InnoDB DEFAULT CHARSET=utf8 COMMENT='상담신청_파일업로드';

-- 테이블 데이터 apfm.gs_cns_req_file:~0 rows (대략적) 내보내기
/*!40000 ALTER TABLE `gs_cns_req_file` DISABLE KEYS */;
INSERT INTO `gs_cns_req_file` (`FILE_NUM`, `REG_ID`, `REG_NM`, `FILE_NM`, `SYS_FILE_NM`, `FILE_PATH`, `FILE_SIZE`, `FILE_DESC`, `DB_INS_TM`) VALUES
	(1, 'aa', 'bbb', '20201118sql.sql', '2020102263716990.sql', 'C:/Users/BeadNet/eclipse-workspace/ggsc/src/main/webapp/images/upload/req/', 9942701, NULL, '2020-11-22 18:37:16');
/*!40000 ALTER TABLE `gs_cns_req_file` ENABLE KEYS */;

-- 테이블 apfm.gs_h_class 구조 내보내기
CREATE TABLE IF NOT EXISTS `gs_h_class` (
  `HCLASS_CD` varchar(20) NOT NULL COMMENT '대분류코드',
  `HCLASS_NM` varchar(50) DEFAULT NULL COMMENT '대분류코드명',
  `CD_DESC` varchar(100) DEFAULT NULL COMMENT '코드설명',
  `ODR` int(11) DEFAULT NULL COMMENT '순번',
  `USE_YN` char(1) DEFAULT NULL COMMENT '사용여부',
  `REG_ID` varchar(50) DEFAULT NULL COMMENT '등록자ID',
  `DB_INS_TM` timestamp NULL DEFAULT NULL COMMENT '등록일시',
  PRIMARY KEY (`HCLASS_CD`)
) ENGINE=InnoDB DEFAULT CHARSET=utf8 COMMENT='대분류 관리';

-- 테이블 데이터 apfm.gs_h_class:~74 rows (대략적) 내보내기
/*!40000 ALTER TABLE `gs_h_class` DISABLE KEYS */;
INSERT INTO `gs_h_class` (`HCLASS_CD`, `HCLASS_NM`, `CD_DESC`, `ODR`, `USE_YN`, `REG_ID`, `DB_INS_TM`) VALUES
	('G074', '테스트', '테스트', 1, 'Y', 'test5', '2020-11-11 14:39:00'),
	('G1', '메인메뉴', '메인메뉴', 1, 'Y', 'admin', '2020-10-12 16:56:57'),
	('G10', '주택형태', '주택형태', 1, 'Y', 'admin', '2020-10-12 17:10:50'),
	('G11', '동거형태', '동거형태', 1, 'Y', 'admin', '2020-10-12 17:13:47'),
	('G12', '내담자와의 관계', '내담자와의 관계', 1, 'Y', 'admin', '2020-10-12 17:16:16'),
	('G13', '추후상담', '추후상담', 1, 'Y', 'admin', '2020-10-12 17:17:40'),
	('G14', '상담신청방법', '상담신청방법', 1, 'Y', 'admin', '2020-10-12 17:18:43'),
	('G15', '상담구분', '상담구분', 1, 'Y', 'admin', '2020-10-12 17:20:10'),
	('G16', '개인상담', '개인상담', 1, 'Y', 'admin', '2020-10-12 17:38:09'),
	('G17', '집단상담', '집단상담', 1, 'Y', 'admin', '2020-10-12 17:38:42'),
	('G18', '상담진행상태', '상담진행상태', 1, 'Y', 'admin', '2020-10-12 17:39:31'),
	('G19', '상담사구분', '상담사구분', 1, 'Y', 'admin', '2020-10-12 17:42:12'),
	('G2', '성별', '성별', 1, 'Y', 'admin', '2020-10-12 16:58:23'),
	('G20', '지속상담', '지속상담', 1, 'Y', 'admin', '2020-10-12 17:43:43'),
	('G21', '상담경위', '상담경위', 1, 'Y', 'admin', '2020-10-12 17:47:21'),
	('G22', '종결', '종결', 1, 'Y', 'admin', '2020-10-12 17:49:21'),
	('G23', '종결사유', '종결사유', 1, 'Y', 'admin', '2020-10-12 17:51:11'),
	('G24', '요청구분', '요청구분', 1, 'Y', 'admin', '2020-10-12 17:52:44'),
	('G25', '센터구분', '센터구분', 1, 'Y', 'admin', '2020-10-12 17:53:39'),
	('G26', '증빙서류', '증빙서류', 1, 'Y', 'admin', '2020-10-12 18:22:23'),
	('G27', '설치장소', '설치장소', 1, 'Y', 'admin', '2020-10-12 19:28:27'),
	('G28', '운영비', '운영비', 1, 'Y', 'admin', '2020-10-12 19:29:11'),
	('G29', '운영기관', '운영기관', 1, 'Y', 'admin', '2020-10-12 19:30:37'),
	('G3', '나이', '나이', 1, 'Y', 'admin', '2020-10-12 16:59:13'),
	('G30', '방문요양', '방문요양', 1, 'Y', 'admin', '2020-10-12 19:30:57'),
	('G31', '방문간호', '방문간호', 1, 'Y', 'admin', '2020-10-12 19:31:25'),
	('G32', '예방교육', '예방교육', 1, 'Y', 'admin', '2020-10-12 19:31:57'),
	('G33', '교육대상', '교육대상', 1, 'Y', 'admin', '2020-10-12 19:32:35'),
	('G34', '작성관리', '작성관리', 1, 'Y', 'admin', '2020-10-12 19:33:11'),
	('G35', '내부연계', '내부연계', 1, 'Y', 'admin', '2020-10-12 19:34:54'),
	('G36', '외부연계', '외부연계', 1, 'Y', 'admin', '2020-10-13 12:05:15'),
	('G37', '심리검사', '심리검사', 1, 'Y', 'admin', '2020-10-13 12:07:18'),
	('G38', '상담지원봉사자', '상담지원봉사자', 1, 'Y', 'admin', '2020-10-13 12:09:29'),
	('G39', '네트워크활동', '네트워크활동', 1, 'Y', 'admin', '2020-10-13 12:10:09'),
	('G4', '전공', '전공', 1, 'Y', 'admin', '2020-10-12 17:03:57'),
	('G40', '행사', '행사', 1, 'Y', 'admin', '2020-10-13 12:10:58'),
	('G41', '대중매체', '대중매체', 1, 'Y', 'admin', '2020-10-13 12:11:22'),
	('G42', '홍보', '홍보', 1, 'Y', 'admin', '2020-10-13 12:11:56'),
	('G43', '대인관계', '대인관계', 1, 'Y', 'admin', '2020-10-13 12:12:45'),
	('G44', '노인과의관계', '노인과의관계', 1, 'Y', 'admin', '2020-10-13 12:15:20'),
	('G45', '심리·정서', '심리·정서', 1, 'Y', 'admin', '2020-10-13 12:16:00'),
	('G46', '치매', '치매', 1, 'Y', 'admin', '2020-10-13 12:17:48'),
	('G47', '중독', '중독', 1, 'Y', 'admin', '2020-10-13 12:19:20'),
	('G48', '자살', '자살', 1, 'Y', 'admin', '2020-10-13 12:20:54'),
	('G49', '건강', '건강', 1, 'Y', 'admin', '2020-10-13 13:36:44'),
	('G5', '인정자격증', '인정자격증', 1, 'Y', 'admin', '2020-10-12 17:04:59'),
	('G50', '경제', '경제', 1, 'Y', 'admin', '2020-10-13 13:37:44'),
	('G51', '생활', '생활', 1, 'Y', 'admin', '2020-10-13 13:39:07'),
	('G52', '성', '성', 1, 'Y', 'admin', '2020-10-13 13:39:43'),
	('G53', '부부', '부부', 1, 'Y', 'admin', '2020-10-13 13:40:21'),
	('G54', '가족', '가족', 1, 'Y', 'admin', '2020-10-13 13:44:53'),
	('G55', '역할상실', '역할상실', 1, 'Y', 'admin', '2020-10-13 13:46:15'),
	('G56', '생애진로', '생애진로', 1, 'Y', 'admin', '2020-10-13 13:46:47'),
	('G57', '주요문제', '주요문제', 1, 'Y', 'admin', '2020-10-13 13:47:17'),
	('G58', '주호소문제', '주호소문제', 1, 'Y', 'admin', '2020-10-13 13:49:52'),
	('G59', '결혼상태', '결혼상태', 1, 'Y', 'admin', '2020-10-13 13:51:53'),
	('G6', '기타자격', '기타자격', 1, 'Y', 'admin', '2020-10-12 17:06:09'),
	('G60', '수면상태', '수면상태', 1, 'Y', 'admin', '2020-10-13 14:08:33'),
	('G61', '참여기관', '참여기관', 1, 'Y', 'admin', '2020-10-13 14:09:29'),
	('G62', '배우자와의 친밀도', '배우자와의 친밀도', 1, 'Y', 'admin', '2020-10-13 14:11:55'),
	('G63', '일상생활최근', '일상생활최근', 1, 'Y', 'admin', '2020-10-13 14:12:44'),
	('G64', '최근건강변화', '최근건강변화', 1, 'Y', 'admin', '2020-10-13 14:13:26'),
	('G65', '음주', '음주', 1, 'Y', 'admin', '2020-10-13 14:14:14'),
	('G66', '최근경제변화', '최근경제변화', 1, 'Y', 'admin', '2020-10-13 14:15:06'),
	('G67', '부채부담감', '부채부담감', 1, 'Y', 'admin', '2020-10-13 14:17:22'),
	('G68', '취업여부', '취업여부', 1, 'Y', 'admin', '2020-10-14 09:15:48'),
	('G69', '사회활동여부', '사회활동여부', 1, 'Y', 'admin', '2020-10-14 09:16:24'),
	('G7', '학력', '학력', 1, 'Y', 'admin', '2020-10-12 17:07:08'),
	('G70', '위험성', '위험성', 1, 'Y', 'admin', '2020-10-14 09:17:24'),
	('G71', '권역구분', '권역구분', 1, 'Y', 'admin', '2020-10-23 15:13:33'),
	('G72', '지역구분', '지역구분', 1, 'Y', 'admin', '2020-10-26 11:51:11'),
	('G73', '연계구분', '연계구분', 1, 'Y', 'admin', '2020-10-26 14:23:37'),
	('G8', '실무경력', '실무경력', 1, 'Y', 'admin', '2020-10-12 17:08:31'),
	('G9', '주거형태', '주거형태', 1, 'Y', 'admin', '2020-10-12 17:09:01');
/*!40000 ALTER TABLE `gs_h_class` ENABLE KEYS */;

-- 테이블 apfm.gs_library 구조 내보내기
CREATE TABLE IF NOT EXISTS `gs_library` (
  `NUM` int(11) NOT NULL COMMENT '일련번호',
  `TITLE` varchar(100) CHARACTER SET utf8 DEFAULT NULL COMMENT '제목',
  `WRITER` varchar(50) CHARACTER SET utf8 DEFAULT NULL COMMENT '작성자',
  `CNTN` varchar(500) CHARACTER SET utf8 DEFAULT NULL COMMENT '내용',
  `REG_ID` varchar(50) CHARACTER SET utf8 DEFAULT NULL COMMENT '등록자ID',
  `DB_INS_TM` timestamp NOT NULL DEFAULT current_timestamp() ON UPDATE current_timestamp() COMMENT '등록일시',
  PRIMARY KEY (`NUM`) USING BTREE
) ENGINE=InnoDB DEFAULT CHARSET=cp1257 COMMENT='공지사항(알려드려요)';

-- 테이블 데이터 apfm.gs_library:~2 rows (대략적) 내보내기
/*!40000 ALTER TABLE `gs_library` DISABLE KEYS */;
INSERT INTO `gs_library` (`NUM`, `TITLE`, `WRITER`, `CNTN`, `REG_ID`, `DB_INS_TM`) VALUES
	(1, '마음돌봄 자료실', 'aa', '마음돌봄 자료실', 'aa', '2020-11-22 14:55:25'),
	(2, '마음돌봄 자료실2', 'aa', '마음돌봄 자료실2', 'aa', '2020-11-22 15:01:05');
/*!40000 ALTER TABLE `gs_library` ENABLE KEYS */;

-- 테이블 apfm.gs_library_file 구조 내보내기
CREATE TABLE IF NOT EXISTS `gs_library_file` (
  `FILE_NUM` int(11) NOT NULL COMMENT '파일_일련번호',
  `REG_ID` varchar(50) CHARACTER SET utf8 DEFAULT NULL COMMENT '등록자ID',
  `REG_NM` varchar(50) CHARACTER SET utf8 DEFAULT NULL COMMENT '등록자명',
  `FILE_NM` varchar(200) CHARACTER SET utf8 DEFAULT NULL COMMENT '오리지널_파일명',
  `SYS_FILE_NM` varchar(100) CHARACTER SET utf8 DEFAULT NULL COMMENT '시스템_파일명',
  `FILE_PATH` varchar(200) CHARACTER SET utf8 DEFAULT NULL COMMENT '파일_경로',
  `FILE_SIZE` int(11) DEFAULT 0 COMMENT '파일_사이즈',
  `FILE_DESC` varchar(1000) CHARACTER SET utf8 DEFAULT NULL COMMENT '파일_설명',
  `DB_INS_TM` timestamp NULL DEFAULT NULL COMMENT '등록_일시',
  PRIMARY KEY (`FILE_NUM`)
) ENGINE=InnoDB DEFAULT CHARSET=latin1 COMMENT='공지사항_파일업로드(알려드려요)';

-- 테이블 데이터 apfm.gs_library_file:~0 rows (대략적) 내보내기
/*!40000 ALTER TABLE `gs_library_file` DISABLE KEYS */;
INSERT INTO `gs_library_file` (`FILE_NUM`, `REG_ID`, `REG_NM`, `FILE_NM`, `SYS_FILE_NM`, `FILE_PATH`, `FILE_SIZE`, `FILE_DESC`, `DB_INS_TM`) VALUES
	(1, 'aa', 'aa', 'fdsfadfdas.txt', '2020102225526577.txt', 'C:/Users/BeadNet/eclipse-workspace/ggsc/src/main/webapp/images/upload/req/', 178, NULL, '2020-11-22 14:55:25');
/*!40000 ALTER TABLE `gs_library_file` ENABLE KEYS */;

-- 테이블 apfm.gs_m_class 구조 내보내기
CREATE TABLE IF NOT EXISTS `gs_m_class` (
  `MCLASS_CD` varchar(20) NOT NULL COMMENT '중분류코드',
  `HCLASS_CD` varchar(20) DEFAULT NULL COMMENT '대분류코드',
  `MCLASS_NM` varchar(50) DEFAULT NULL COMMENT '중분류코드명',
  `CD_DESC` varchar(100) DEFAULT NULL COMMENT '코드설명',
  `ODR` int(11) DEFAULT NULL COMMENT '순번',
  `USE_YN` char(1) DEFAULT NULL COMMENT '사용여부',
  `REG_ID` varchar(50) DEFAULT NULL COMMENT '등록자ID',
  `DB_INS_TM` timestamp NULL DEFAULT NULL COMMENT '등록일시'
) ENGINE=InnoDB DEFAULT CHARSET=utf8 COMMENT='중분류 관리';

-- 테이블 데이터 apfm.gs_m_class:~479 rows (대략적) 내보내기
/*!40000 ALTER TABLE `gs_m_class` DISABLE KEYS */;
INSERT INTO `gs_m_class` (`MCLASS_CD`, `HCLASS_CD`, `MCLASS_NM`, `CD_DESC`, `ODR`, `USE_YN`, `REG_ID`, `DB_INS_TM`) VALUES
	('G101', 'G1', '운영자', '운영자', 1, 'Y', 'admin', '2020-10-12 16:57:22'),
	('G102', 'G1', '내담자관리', '내담자관리', 2, 'Y', 'admin', '2020-10-12 16:57:34'),
	('G103', 'G1', '내담자관리', '내담자관리', 3, 'Y', 'admin', '2020-10-12 16:57:39'),
	('G104', 'G1', '상담내역서', '상담내역서', 4, 'Y', 'admin', '2020-10-12 16:57:43'),
	('G105', 'G1', '보고서', '보고서', 5, 'Y', 'admin', '2020-10-12 16:57:47'),
	('G106', 'G1', '집단상담', '집단상담', 6, 'Y', 'admin', '2020-10-12 16:57:51'),
	('G107', 'G1', '실적', '실적', 7, 'Y', 'admin', '2020-10-12 16:57:55'),
	('G108', 'G1', '검색', '검색', 8, 'Y', 'admin', '2020-10-12 16:57:59'),
	('G109', 'G1', '게시판', '게시판', 9, 'Y', 'admin', '2020-10-12 16:58:03'),
	('G101', 'G2', '남', '남', 1, 'Y', 'admin', '2020-10-12 16:58:55'),
	('G102', 'G2', '여', '여', 2, 'Y', 'admin', '2020-10-12 16:59:00'),
	('G101', 'G3', '50대', '50대', 1, 'Y', 'admin', '2020-10-12 17:00:05'),
	('G102', 'G3', '60대', '60대', 2, 'Y', 'admin', '2020-10-12 17:00:22'),
	('G103', 'G3', '70대', '70대', 3, 'Y', 'admin', '2020-10-12 17:00:30'),
	('G104', 'G3', '80대', '80대', 4, 'Y', 'admin', '2020-10-12 17:01:20'),
	('G105', 'G3', '90대', '90대', 5, 'Y', 'admin', '2020-10-12 17:02:05'),
	('G106', 'G3', '90대 이상', '90대 이상', 6, 'Y', 'admin', '2020-10-12 17:03:28'),
	('G107', 'G3', '60대 미만', '60대 미만', 7, 'Y', 'admin', '2020-10-12 17:03:37'),
	('G101', 'G4', '상담심리', '상담심리', 1, 'Y', 'admin', '2020-10-12 17:04:10'),
	('G102', 'G4', '임상심리', '임상심리', 2, 'Y', 'admin', '2020-10-12 17:04:30'),
	('G103', 'G4', '심리', '심리', 3, 'Y', 'admin', '2020-10-12 17:04:38'),
	('G104', 'G4', '기타심리', '기타심리', 4, 'Y', 'admin', '2020-10-12 17:04:42'),
	('G105', 'G4', '교육', '교육', 5, 'Y', 'admin', '2020-10-12 17:04:46'),
	('G106', 'G4', '사회복지', '사회복지', 6, 'Y', 'admin', '2020-10-12 17:04:50'),
	('G107', 'G4', '기타', '기타', 7, 'Y', 'admin', '2020-10-12 17:04:53'),
	('G101', 'G5', '상담심리사', '상담심리사', 1, 'Y', 'admin', '2020-10-12 17:05:42'),
	('G102', 'G5', '임상심리사', '임상심리사', 2, 'Y', 'admin', '2020-10-12 17:05:45'),
	('G103', 'G5', '정신보건임상심리사', '정신보건임상심리사', 3, 'Y', 'admin', '2020-10-12 17:05:49'),
	('G104', 'G5', '정신보건사회복지사', '정신보건사회복지사', 4, 'Y', 'admin', '2020-10-12 17:05:53'),
	('G105', 'G5', '사회복지사', '사회복지사', 5, 'Y', 'admin', '2020-10-12 17:05:57'),
	('G101', 'G6', '청소년상담사', '청소년상담사', 1, 'Y', 'admin', '2020-10-12 17:06:22'),
	('G102', 'G6', '자살예방QPR Instructor', '자살예방QPR Instructor', 2, 'Y', 'admin', '2020-10-12 17:06:32'),
	('G103', 'G6', '노인전문상담사', '노인전문상담사', 3, 'Y', 'admin', '2020-10-12 17:06:37'),
	('G104', 'G6', '노인집단상담사', '노인집단상담사', 4, 'Y', 'admin', '2020-10-12 17:06:40'),
	('G105', 'G6', '가정폭력전문상담원', '가정폭력전문상담원', 5, 'Y', 'admin', '2020-10-12 17:06:44'),
	('G106', 'G6', '성폭력전문상담원', '성폭력전문상담원', 6, 'Y', 'admin', '2020-10-12 17:06:48'),
	('G107', 'G6', '미술치료사', '미술치료사', 7, 'Y', 'admin', '2020-10-12 17:06:52'),
	('G108', 'G6', '기타', '기타', 8, 'Y', 'admin', '2020-10-12 17:06:56'),
	('G101', 'G7', '무학', '무학', 1, 'Y', 'admin', '2020-10-12 17:07:19'),
	('G102', 'G7', '초졸', '초졸', 2, 'Y', 'admin', '2020-10-12 17:07:22'),
	('G103', 'G7', '중졸', '중졸', 3, 'Y', 'admin', '2020-10-12 17:07:25'),
	('G104', 'G7', '고졸', '고졸', 4, 'Y', 'admin', '2020-10-12 17:07:29'),
	('G105', 'G7', '전문대졸', '전문대졸', 5, 'Y', 'admin', '2020-10-12 17:07:34'),
	('G106', 'G7', '대졸', '대졸', 6, 'Y', 'admin', '2020-10-12 17:07:40'),
	('G107', 'G7', '석사', '석사', 7, 'Y', 'admin', '2020-10-12 17:07:45'),
	('G108', 'G7', '박사', '박사', 8, 'Y', 'admin', '2020-10-12 17:07:49'),
	('G109', 'G7', '문맹', '문맹', 9, 'Y', 'admin', '2020-10-12 17:07:53'),
	('G110', 'G7', '읽기만 가능', '읽기만 가능', 10, 'Y', 'admin', '2020-10-12 17:07:59'),
	('G111', 'G7', '불완전 읽고 쓰기 가능', '불완전 읽고 쓰기 가능', 11, 'Y', 'admin', '2020-10-12 17:08:14'),
	('G112', 'G7', '완전 읽고 쓰기 가능', '완전 읽고 쓰기 가능', 12, 'Y', 'admin', '2020-10-12 17:08:23'),
	('G101', 'G8', '정규', '정규', 1, 'Y', 'admin', '2020-10-12 17:08:38'),
	('G102', 'G8', '임시', '임시', 2, 'Y', 'admin', '2020-10-12 17:08:41'),
	('G103', 'G8', '시간제', '시간제', 3, 'Y', 'admin', '2020-10-12 17:08:45'),
	('G101', 'G9', '자가', '자가', 1, 'Y', 'admin', '2020-10-12 17:09:55'),
	('G102', 'G9', '전세', '전세', 2, 'Y', 'admin', '2020-10-12 17:10:30'),
	('G103', 'G9', '월세', '월세', 3, 'Y', 'admin', '2020-10-12 17:10:33'),
	('G104', 'G9', '시설거주', '시설거주', 4, 'Y', 'admin', '2020-10-12 17:10:37'),
	('G105', 'G9', '기타', '기타', 5, 'Y', 'admin', '2020-10-12 17:10:41'),
	('G101', 'G10', '아파트', '아파트', 1, 'Y', 'admin', '2020-10-12 17:10:57'),
	('G102', 'G10', '단독주택', '단독주택', 2, 'Y', 'admin', '2020-10-12 17:11:01'),
	('G103', 'G10', '다세대', '다세대', 3, 'Y', 'admin', '2020-10-12 17:11:43'),
	('G104', 'G10', '영구임대', '영구임대', 4, 'Y', 'admin', '2020-10-12 17:11:49'),
	('G105', 'G10', '단칸방', '단칸방', 5, 'Y', 'admin', '2020-10-12 17:11:53'),
	('G106', 'G10', '기타', '기타', 6, 'Y', 'admin', '2020-10-12 17:11:56'),
	('G101', 'G11', '독거', '독거', 1, 'Y', 'admin', '2020-10-12 17:13:52'),
	('G102', 'G11', '배우자 동거', '배우자 동거', 2, 'Y', 'admin', '2020-10-12 17:13:58'),
	('G103', 'G11', '배우자만 동거', '배우자만 동거', 3, 'Y', 'admin', '2020-10-12 17:14:02'),
	('G104', 'G11', '아들만동거', '아들만동거', 4, 'Y', 'admin', '2020-10-12 17:14:16'),
	('G105', 'G11', '딸만동거', '딸만동거', 5, 'Y', 'admin', '2020-10-12 17:14:21'),
	('G106', 'G11', '딸동거', '딸동거', 6, 'Y', 'admin', '2020-10-12 17:14:40'),
	('G107', 'G11', '며느리동거', '며느리동거', 7, 'Y', 'admin', '2020-10-12 17:14:51'),
	('G108', 'G11', '며느리만 동거', '며느리만 동거', 8, 'Y', 'admin', '2020-10-12 17:14:58'),
	('G109', 'G11', '사위동거', '사위동거', 9, 'Y', 'admin', '2020-10-12 17:15:10'),
	('G110', 'G11', '사위만동거', '사위만동거', 10, 'Y', 'admin', '2020-10-12 17:15:14'),
	('G111', 'G11', '손자녀동거', '손자녀동거', 11, 'Y', 'admin', '2020-10-12 17:15:38'),
	('G112', 'G11', '손자녀만 동거', '손자녀만 동거', 12, 'Y', 'admin', '2020-10-12 17:15:42'),
	('G113', 'G11', '기타동거인', '기타동거인', 13, 'Y', 'admin', '2020-10-12 17:15:48'),
	('G114', 'G11', '기타동거인만', '기타동거인만', 14, 'Y', 'admin', '2020-10-12 17:15:58'),
	('G101', 'G12', '본인', '본인', 1, 'Y', 'admin', '2020-10-12 17:16:21'),
	('G102', 'G12', '배우자', '배우자', 2, 'Y', 'admin', '2020-10-12 17:16:58'),
	('G103', 'G12', '자녀', '자녀', 3, 'Y', 'admin', '2020-10-12 17:17:02'),
	('G104', 'G12', '친인척', '친인척', 4, 'Y', 'admin', '2020-10-12 17:17:18'),
	('G105', 'G12', '이웃', '이웃', 5, 'Y', 'admin', '2020-10-12 17:17:28'),
	('G106', 'G12', '유관기관', '유관기관', 6, 'Y', 'admin', '2020-10-12 17:17:34'),
	('G101', 'G13', '내방', '내방', 1, 'Y', 'admin', '2020-10-12 17:17:50'),
	('G102', 'G13', '전화', '전화', 2, 'Y', 'admin', '2020-10-12 17:17:53'),
	('G103', 'G13', '방문상담', '방문상담', 3, 'Y', 'admin', '2020-10-12 17:17:58'),
	('G101', 'G14', '내방', '내방', 1, 'Y', 'admin', '2020-10-12 17:18:48'),
	('G102', 'G14', '방문', '방문', 2, 'Y', 'admin', '2020-10-12 17:18:52'),
	('G103', 'G14', '면접상담', '면접상담', 3, 'Y', 'admin', '2020-10-12 17:18:56'),
	('G104', 'G14', '전화상담', '전화상담', 4, 'Y', 'admin', '2020-10-12 17:19:00'),
	('G105', 'G14', '온라인상담', '온라인상담', 5, 'Y', 'admin', '2020-10-12 17:19:04'),
	('G106', 'G14', '심리검사', '심리검사', 6, 'Y', 'admin', '2020-10-12 17:19:07'),
	('G107', 'G14', '집단상담', '집단상담', 7, 'Y', 'admin', '2020-10-12 17:19:11'),
	('G101', 'G15', '노인상담', '노인상담', 1, 'Y', 'admin', '2020-10-12 17:20:23'),
	('G102', 'G15', '중장년층상담', '중장년층상담', 2, 'Y', 'admin', '2020-10-12 17:20:39'),
	('G101', 'G16', '내방', '내방', 1, 'Y', 'admin', '2020-10-12 17:38:15'),
	('G102', 'G16', '방문', '방문', 2, 'Y', 'admin', '2020-10-12 17:38:21'),
	('G103', 'G16', '전화', '전화', 3, 'Y', 'admin', '2020-10-12 17:38:25'),
	('G104', 'G16', '온라인', '온라인', 4, 'Y', 'admin', '2020-10-12 17:38:28'),
	('G105', 'G16', '기타', '기타', 5, 'Y', 'admin', '2020-10-12 17:38:31'),
	('G101', 'G17', '사별애도', '사별애도', 1, 'Y', 'admin', '2020-10-12 17:38:50'),
	('G102', 'G17', '죽음준비', '죽음준비', 2, 'Y', 'admin', '2020-10-12 17:38:54'),
	('G103', 'G17', '관계개선의사소통', '관계개선의사소통', 3, 'Y', 'admin', '2020-10-12 17:39:01'),
	('G104', 'G17', '심리·정서', '심리·정서', 4, 'Y', 'admin', '2020-10-12 17:39:09'),
	('G105', 'G17', '자아통합', '자아통합', 5, 'Y', 'admin', '2020-10-12 17:39:20'),
	('G106', 'G17', '치매예방', '치매예방', 6, 'Y', 'admin', '2020-10-12 17:39:23'),
	('G101', 'G18', '진행', '진행', 1, 'Y', 'admin', '2020-10-12 17:39:39'),
	('G102', 'G18', '종결', '종결', 2, 'Y', 'admin', '2020-10-12 17:39:42'),
	('G103', 'G18', '재신청', '재신청', 3, 'Y', 'admin', '2020-10-12 17:39:47'),
	('G104', 'G18', '보류', '보류', 4, 'Y', 'admin', '2020-10-12 17:40:20'),
	('G105', 'G18', '복귀', '복귀', 5, 'Y', 'admin', '2020-10-12 17:40:28'),
	('G101', 'G19', '전체운영자', '전체운영자', 1, 'Y', 'admin', '2020-10-12 17:42:32'),
	('G102', 'G19', '센터운영자', '센터운영자', 2, 'Y', 'admin', '2020-10-12 17:42:44'),
	('G103', 'G19', '전문상담사', '전문상담사', 3, 'Y', 'admin', '2020-10-12 17:42:52'),
	('G104', 'G19', '실무자', '실무자', 4, 'Y', 'admin', '2020-10-12 17:42:56'),
	('G105', 'G19', '생명사랑지원단', '생명사랑지원단', 5, 'Y', 'admin', '2020-10-12 17:43:07'),
	('G106', 'G19', '실버보듬이', '실버보듬이', 6, 'Y', 'admin', '2020-10-12 17:43:10'),
	('G107', 'G19', '기타', '기타', 7, 'Y', 'admin', '2020-10-12 17:43:13'),
	('G101', 'G20', '10회기이내', '10회기이내', 1, 'Y', 'admin', '2020-10-12 17:44:01'),
	('G102', 'G20', '20회기이내', '20회기이내', 2, 'Y', 'admin', '2020-10-12 17:44:08'),
	('G103', 'G20', '20회기 이상 30회기 미만', '20회기 이상 30회기 미만', 3, 'Y', 'admin', '2020-10-12 17:44:21'),
	('G104', 'G20', '30회기 이상', '30회기 이상', 4, 'Y', 'admin', '2020-10-12 17:44:25'),
	('G104', 'G21', ' 정신건강복지센터', ' 정신건강복지센터', 4, 'Y', 'admin', '2020-10-12 17:48:03'),
	('G105', 'G21', '노인보호전문기관', '노인보호전문기관', 5, 'Y', 'admin', '2020-10-12 17:48:13'),
	('G106', 'G21', '방문간호센터', '방문간호센터', 6, 'Y', 'admin', '2020-10-12 17:48:22'),
	('G107', 'G21', '무한돌봄센터', '무한돌봄센터', 7, 'Y', 'admin', '2020-10-12 17:48:30'),
	('G108', 'G21', '건강가정지원센터', '건강가정지원센터', 8, 'Y', 'admin', '2020-10-12 17:48:39'),
	('G109', 'G21', '노인관련기관', '노인관련기관', 9, 'Y', 'admin', '2020-10-12 17:48:44'),
	('G110', 'G21', '행정기관', '행정기관', 10, 'Y', 'admin', '2020-10-12 17:48:49'),
	('G111', 'G21', '기타', '기타', 11, 'Y', 'admin', '2020-10-12 17:48:52'),
	('G101', 'G22', '합의종결', '합의종결', 1, 'Y', 'admin', '2020-10-12 17:49:32'),
	('G102', 'G22', '이사', '이사', 2, 'Y', 'admin', '2020-10-12 17:49:41'),
	('G103', 'G22', '장기입원', '장기입원', 3, 'Y', 'admin', '2020-10-12 17:49:51'),
	('G104', 'G22', '사망', '사망', 4, 'Y', 'admin', '2020-10-12 17:49:59'),
	('G105', 'G22', '시설입소', '시설입소', 5, 'Y', 'admin', '2020-10-12 17:50:06'),
	('G106', 'G22', '청력 및 언어장애', '청력 및 언어장애', 6, 'Y', 'admin', '2020-10-12 17:50:13'),
	('G107', 'G22', '치매 및 정신장애', '치매 및 정신장애', 7, 'Y', 'admin', '2020-10-12 17:50:22'),
	('G108', 'G22', '연락두절', '연락두절', 8, 'Y', 'admin', '2020-10-12 17:50:29'),
	('G109', 'G22', '내담자의 일방적종결(거부)', '내담자의 일방적종결(거부)', 9, 'Y', 'admin', '2020-10-12 17:50:35'),
	('G110', 'G22', '자살시도', '자살시도', 10, 'Y', 'admin', '2020-10-12 17:50:37'),
	('G101', 'G23', '합의종결', '합의종결', 1, 'Y', 'admin', '2020-10-12 17:51:20'),
	('G102', 'G23', '이상', '이상', 2, 'Y', 'admin', '2020-10-12 17:51:35'),
	('G103', 'G23', '장기입원', '장기입원', 3, 'Y', 'admin', '2020-10-12 17:51:42'),
	('G104', 'G23', '사망', '사망', 4, 'Y', 'admin', '2020-10-12 17:51:48'),
	('G105', 'G23', '시설입소', '시설입소', 5, 'Y', 'admin', '2020-10-12 17:51:57'),
	('G106', 'G23', '청력언어장애', '청력언어장애', 6, 'Y', 'admin', '2020-10-12 17:52:03'),
	('G107', 'G23', '치매 및 정신장애 등', '치매 및 정신장애 등', 7, 'Y', 'admin', '2020-10-12 17:52:13'),
	('G108', 'G23', '내담자의 일방적 종결(거부)', '내담자의 일방적 종결(거부)', 8, 'Y', 'admin', '2020-10-12 17:52:21'),
	('G109', 'G23', '연락두절', '연락두절', 9, 'Y', 'admin', '2020-10-12 17:52:26'),
	('G110', 'G23', '자살', '자살', 10, 'Y', 'admin', '2020-10-12 17:52:32'),
	('G111', 'G23', '자살시도', '자살시도', 11, 'Y', 'admin', '2020-10-12 17:52:36'),
	('G112', 'G23', '타 기관연계', '타 기관연계', 12, 'Y', 'admin', '2020-10-12 17:52:38'),
	('G101', 'G24', '가입승인', '가입승인', 1, 'Y', 'admin', '2020-10-12 17:53:05'),
	('G102', 'G24', '일지삭제(초기,개별상담,집단상담)', '일지삭제(초기,개별상담,집단상담)', 2, 'Y', 'admin', '2020-10-12 17:53:17'),
	('G103', 'G24', '프로그램오류', '프로그램오류', 3, 'Y', 'admin', '2020-10-12 17:53:25'),
	('G104', 'G24', '기타', '기타', 4, 'Y', 'admin', '2020-10-12 17:53:28'),
	('G101', 'G25', '전체운영자', '전체운영자', 1, 'Y', 'admin', '2020-10-12 17:53:46'),
	('G102', 'G25', '센터운영자', '센터운영자', 2, 'Y', 'admin', '2020-10-12 17:53:54'),
	('G103', 'G25', '전문상담사', '전문상담사', 3, 'Y', 'admin', '2020-10-12 17:54:00'),
	('G104', 'G25', '생명사랑교육단', '생명사랑교육단', 4, 'Y', 'admin', '2020-10-12 17:54:05'),
	('G105', 'G25', '실버보듬이', '실버보듬이', 5, 'Y', 'admin', '2020-10-12 17:54:12'),
	('G106', 'G25', '실무자', '실무자', 6, 'Y', 'admin', '2020-10-12 17:54:15'),
	('G107', 'G25', '기타', '기타', 7, 'Y', 'admin', '2020-10-12 17:54:18'),
	('G101', 'G26', '진행사진', '진행사진', 1, 'Y', 'admin', '2020-10-12 18:22:32'),
	('G102', 'G26', '계획서', '계획서', 2, 'Y', 'admin', '2020-10-12 18:24:39'),
	('G103', 'G26', '결과보고서', '결과보고서', 3, 'Y', 'admin', '2020-10-12 18:24:43'),
	('G101', 'G27', '노인복지관', '노인복지관', 1, 'Y', 'admin', '2020-10-12 19:28:39'),
	('G102', 'G27', '종합사회복지관', '종합사회복지관', 2, 'Y', 'admin', '2020-10-12 19:28:45'),
	('G103', 'G27', '노인종합재기센터', '노인종합재기센터', 3, 'Y', 'admin', '2020-10-12 19:28:52'),
	('G104', 'G27', '노인재기센터', '노인재기센터', 4, 'Y', 'admin', '2020-10-12 19:28:55'),
	('G101', 'G28', '출장여비', '출장여비', 1, 'Y', 'admin', '2020-10-12 19:29:21'),
	('G102', 'G28', '사무용품 구입비', '사무용품 구입비', 2, 'Y', 'admin', '2020-10-12 19:29:28'),
	('G103', 'G28', '홍보비', '홍보비', 3, 'Y', 'admin', '2020-10-12 19:29:34'),
	('G104', 'G28', '강사비', '강사비', 4, 'Y', 'admin', '2020-10-12 19:29:42'),
	('G105', 'G28', '회의 운영비', '회의 운영비', 5, 'Y', 'admin', '2020-10-12 19:29:49'),
	('G106', 'G28', '교육비', '교육비', 6, 'Y', 'admin', '2020-10-12 19:29:57'),
	('G107', 'G28', '프로그램 운영', '프로그램 운영', 7, 'Y', 'admin', '2020-10-12 19:30:03'),
	('G108', 'G28', '공공요금', '공공요금', 8, 'Y', 'admin', '2020-10-12 19:30:28'),
	('G101', 'G29', '사례관리팀', '사례관리팀', 1, 'Y', 'admin', '2020-10-12 19:30:45'),
	('G102', 'G29', '정서생활지원팀', '정서생활지원팀', 2, 'Y', 'admin', '2020-10-12 19:30:50'),
	('G101', 'G30', '신체활동', '신체활동', 1, 'Y', 'admin', '2020-10-12 19:31:03'),
	('G102', 'G30', '정서지원', '정서지원', 2, 'Y', 'admin', '2020-10-12 19:31:09'),
	('G103', 'G30', '가사지원', '가사지원', 3, 'Y', 'admin', '2020-10-12 19:31:14'),
	('G104', 'G30', '방문목욕', '방문목욕', 4, 'Y', 'admin', '2020-10-12 19:31:19'),
	('G101', 'G31', '건강관리', '건강관리', 1, 'Y', 'admin', '2020-10-12 19:31:32'),
	('G102', 'G31', '기본간호', '기본간호', 2, 'Y', 'admin', '2020-10-12 19:31:39'),
	('G103', 'G31', '신체·질병·인지·영양·배설관리', '신체·질병·인지·영양·배설관리', 3, 'Y', 'admin', '2020-10-12 19:31:46'),
	('G101', 'G32', '치매', '치매', 1, 'Y', 'admin', '2020-10-12 19:32:04'),
	('G102', 'G32', '학대', '학대', 2, 'Y', 'admin', '2020-10-12 19:32:11'),
	('G103', 'G32', '우울증', '우울증', 3, 'Y', 'admin', '2020-10-12 19:32:16'),
	('G104', 'G32', '의사소통', '의사소통', 4, 'Y', 'admin', '2020-10-12 19:32:20'),
	('G105', 'G32', '성문제', '성문제', 5, 'Y', 'admin', '2020-10-12 19:32:21'),
	('G101', 'G33', '노인', '노인', 1, 'Y', 'admin', '2020-10-12 19:32:47'),
	('G102', 'G33', '일반주민', '일반주민', 2, 'Y', 'admin', '2020-10-12 19:32:53'),
	('G103', 'G33', '소속기관', '소속기관', 3, 'Y', 'admin', '2020-10-12 19:32:59'),
	('G104', 'G33', '유관기관', '유관기관', 4, 'Y', 'admin', '2020-10-12 19:33:01'),
	('G105', 'G33', '기타', '기타', 5, 'Y', 'admin', '2020-10-12 19:33:05'),
	('G101', 'G34', '진행일자', '진행일자', 1, 'Y', 'admin', '2020-10-12 19:33:24'),
	('G102', 'G34', '교육대상', '교육대상', 2, 'Y', 'admin', '2020-10-12 19:33:28'),
	('G103', 'G34', '교육인원', '교육인원', 3, 'Y', 'admin', '2020-10-12 19:33:33'),
	('G104', 'G34', '교육주제', '교육주제', 4, 'Y', 'admin', '2020-10-12 19:33:39'),
	('G105', 'G34', '진행사진', '진행사진', 5, 'Y', 'admin', '2020-10-12 19:33:45'),
	('G106', 'G34', '강사명', '강사명', 6, 'Y', 'admin', '2020-10-12 19:33:47'),
	('G101', 'G35', '여가', '여가', 1, 'Y', 'admin', '2020-10-12 19:35:04'),
	('G102', 'G35', '법률', '법률', 2, 'Y', 'admin', '2020-10-12 19:35:11'),
	('G103', 'G35', '세무', '세무', 3, 'Y', 'admin', '2020-10-12 19:35:17'),
	('G104', 'G35', '경제후원', '경제후원', 4, 'Y', 'admin', '2020-10-12 19:35:26'),
	('G105', 'G35', '취업', '취업', 5, 'Y', 'admin', '2020-10-12 19:35:35'),
	('G106', 'G35', '일자리', '일자리', 6, 'Y', 'admin', '2020-10-12 19:35:40'),
	('G107', 'G35', '생활', '생활', 7, 'Y', 'admin', '2020-10-12 19:35:46'),
	('G108', 'G35', '식생활', '식생활', 8, 'Y', 'admin', '2020-10-12 19:35:55'),
	('G109', 'G35', '주거', '주거', 9, 'Y', 'admin', '2020-10-12 19:36:02'),
	('G110', 'G35', '기타', '기타', 10, 'Y', 'admin', '2020-10-12 19:36:05'),
	('G101', 'G36', '정신보건자살예방센터', '정신보건자살예방센터', 1, 'Y', 'admin', '2020-10-13 12:05:31'),
	('G102', 'G36', '노인보호전문기관', '노인보호전문기관', 2, 'Y', 'admin', '2020-10-13 12:05:38'),
	('G103', 'G36', '보건소방문가호', '보건소방문가호', 3, 'Y', 'admin', '2020-10-13 12:05:51'),
	('G104', 'G36', '일자리관련기관', '일자리관련기관', 4, 'Y', 'admin', '2020-10-13 12:05:58'),
	('G105', 'G36', '무한돌봄센터긴급지원', '무한돌봄센터긴급지원', 5, 'Y', 'admin', '2020-10-13 12:06:05'),
	('G106', 'G36', '법률기관', '법률기관', 6, 'Y', 'admin', '2020-10-13 12:06:42'),
	('G107', 'G36', '치매안심센터', '치매안심센터', 7, 'Y', 'admin', '2020-10-13 12:06:48'),
	('G108', 'G36', '건강가정다문화가정지원센터', '건강가정다문화가정지원센터', 8, 'Y', 'admin', '2020-10-13 12:06:55'),
	('G109', 'G36', '행정기관주민센터', '행정기관주민센터', 9, 'Y', 'admin', '2020-10-13 12:07:01'),
	('G110', 'G36', '기타', '기타', 10, 'Y', 'admin', '2020-10-13 12:07:04'),
	('G101', 'G37', 'DUKE-AD간략우울', 'DUKE-AD간략우울', 1, 'Y', 'admin', '2020-10-13 12:07:28'),
	('G102', 'G37', 'GDS-KR노인우울', 'GDS-KR노인우울', 2, 'Y', 'admin', '2020-10-13 12:07:36'),
	('G103', 'G37', 'GDS-SI노인우울자살사고', 'GDS-SI노인우울자살사고', 3, 'Y', 'admin', '2020-10-13 12:07:45'),
	('G104', 'G37', '불안', '불안', 4, 'Y', 'admin', '2020-10-13 12:07:50'),
	('G105', 'G37', '스트레스', '스트레스', 5, 'Y', 'admin', '2020-10-13 12:07:57'),
	('G106', 'G37', '사별스트레스', '사별스트레스', 6, 'Y', 'admin', '2020-10-13 12:08:03'),
	('G107', 'G37', '대인관계변화', '대인관계변화', 7, 'Y', 'admin', '2020-10-13 12:08:10'),
	('G108', 'G37', '부부의사소통', '부부의사소통', 8, 'Y', 'admin', '2020-10-13 12:08:20'),
	('G109', 'G37', 'MMSE-K치매선별', 'MMSE-K치매선별', 9, 'Y', 'admin', '2020-10-13 12:08:37'),
	('G110', 'G37', '기타', '기타', 10, 'Y', 'admin', '2020-10-13 12:08:43'),
	('G101', 'G38', '사후관리-안부확인(방문)', '사후관리-안부확인(방문)', 1, 'Y', 'admin', '2020-10-13 12:09:38'),
	('G102', 'G38', '사후관리-안부확인(전화)', '사후관리-안부확인(전화)', 2, 'Y', 'admin', '2020-10-13 12:09:45'),
	('G103', 'G38', '심리검사', '심리검사', 3, 'Y', 'admin', '2020-10-13 12:09:50'),
	('G104', 'G38', '연계상담 시 동행', '연계상담 시 동행', 4, 'Y', 'admin', '2020-10-13 12:09:54'),
	('G105', 'G38', '홍보활동', '홍보활동', 5, 'Y', 'admin', '2020-10-13 12:09:58'),
	('G106', 'G38', '기타', '기타', 6, 'Y', 'admin', '2020-10-13 12:09:59'),
	('G101', 'G39', '권역네트워크회의', '권역네트워크회의', 1, 'Y', 'admin', '2020-10-13 12:10:17'),
	('G102', 'G39', '네트워크회의(구.권역장회의)', '네트워크회의(구.권역장회의)', 2, 'Y', 'admin', '2020-10-13 12:10:29'),
	('G103', 'G39', '실무회의', '실무회의', 3, 'Y', 'admin', '2020-10-13 12:10:36'),
	('G104', 'G39', '기관내부사례회의', '기관내부사례회의', 4, 'Y', 'admin', '2020-10-13 12:10:41'),
	('G105', 'G39', '지역사회 네트워크회의', '지역사회 네트워크회의', 5, 'Y', 'admin', '2020-10-13 12:10:46'),
	('G106', 'G39', '기타', '기타', 6, 'Y', 'admin', '2020-10-13 12:10:48'),
	('G101', 'G40', '지역축제', '지역축제', 1, 'Y', 'admin', '2020-10-13 12:11:06'),
	('G102', 'G40', '지역행사', '지역행사', 2, 'Y', 'admin', '2020-10-13 12:11:10'),
	('G103', 'G40', '복지관련 행사', '복지관련 행사', 3, 'Y', 'admin', '2020-10-13 12:11:12'),
	('G101', 'G41', '지역신문', '지역신문', 1, 'Y', 'admin', '2020-10-13 12:11:31'),
	('G102', 'G41', '지역방송', '지역방송', 2, 'Y', 'admin', '2020-10-13 12:11:35'),
	('G103', 'G41', '잡지', '잡지', 3, 'Y', 'admin', '2020-10-13 12:11:39'),
	('G104', 'G41', '생활정보지', '생활정보지', 4, 'Y', 'admin', '2020-10-13 12:11:42'),
	('G105', 'G41', '정기 간행물', '정기 간행물', 5, 'Y', 'admin', '2020-10-13 12:11:44'),
	('G101', 'G42', '행사', '행사', 1, 'Y', 'admin', '2020-10-13 12:12:04'),
	('G102', 'G42', '방문홍보', '방문홍보', 2, 'Y', 'admin', '2020-10-13 12:12:12'),
	('G103', 'G42', '대중매체', '대중매체', 3, 'Y', 'admin', '2020-10-13 12:12:16'),
	('G104', 'G42', '인터넷', '인터넷', 4, 'Y', 'admin', '2020-10-13 12:12:22'),
	('G105', 'G42', '설치물', '설치물', 5, 'Y', 'admin', '2020-10-13 12:12:26'),
	('G106', 'G42', '홍보물품', '홍보물품', 6, 'Y', 'admin', '2020-10-13 12:12:31'),
	('G107', 'G42', '기타', '기타', 7, 'Y', 'admin', '2020-10-13 12:12:32'),
	('G101', 'G43', '종교인교우', '종교인교우', 1, 'Y', 'admin', '2020-10-13 12:12:53'),
	('G102', 'G43', '친구·동료·이웃', '친구·동료·이웃', 2, 'Y', 'admin', '2020-10-13 12:13:04'),
	('G103', 'G43', '사회복지사', '사회복지사', 3, 'Y', 'admin', '2020-10-13 12:14:47'),
	('G101', 'G44', '노인본인', '노인본인', 1, 'Y', 'admin', '2020-10-13 12:15:26'),
	('G102', 'G44', '배우자', '배우자', 2, 'Y', 'admin', '2020-10-13 12:15:32'),
	('G103', 'G44', '친인척', '친인척', 3, 'Y', 'admin', '2020-10-13 12:15:42'),
	('G104', 'G44', '이웃', '이웃', 4, 'Y', 'admin', '2020-10-13 12:15:47'),
	('G105', 'G44', '유관기관', '유관기관', 5, 'Y', 'admin', '2020-10-13 12:15:48'),
	('G101', 'G45', '우울', '우울', 1, 'Y', 'admin', '2020-10-13 12:16:12'),
	('G102', 'G45', '불안', '불안', 2, 'Y', 'admin', '2020-10-13 12:16:17'),
	('G103', 'G45', '외로움', '외로움', 3, 'Y', 'admin', '2020-10-13 12:16:24'),
	('G104', 'G45', '상실감', '상실감', 4, 'Y', 'admin', '2020-10-13 12:16:31'),
	('G105', 'G45', '절망감', '절망감', 5, 'Y', 'admin', '2020-10-13 12:16:38'),
	('G106', 'G45', '분노(화병)', '분노(화병)', 6, 'Y', 'admin', '2020-10-13 12:17:19'),
	('G101', 'G46', '치매염려', '치매염려', 1, 'Y', 'admin', '2020-10-13 12:17:55'),
	('G102', 'G46', '경도인지 장애', '경도인지 장애', 2, 'Y', 'admin', '2020-10-13 12:18:54'),
	('G103', 'G46', '주요인지 장애', '주요인지 장애', 3, 'Y', 'admin', '2020-10-13 12:18:58'),
	('G104', 'G46', '치매 증상악화', '치매 증상악화', 4, 'Y', 'admin', '2020-10-13 12:19:03'),
	('G101', 'G47', '알코올', '알코올', 1, 'Y', 'admin', '2020-10-13 12:19:31'),
	('G102', 'G47', '도박', '도박', 2, 'Y', 'admin', '2020-10-13 12:19:37'),
	('G103', 'G47', '니코틴', '니코틴', 3, 'Y', 'admin', '2020-10-13 12:19:43'),
	('G104', 'G47', '항정신성약물', '항정신성약물', 4, 'Y', 'admin', '2020-10-13 12:19:49'),
	('G105', 'G47', 'SNS 이용관련(게임, 채팅)', 'SNS 이용관련(게임, 채팅)', 5, 'Y', 'admin', '2020-10-13 12:20:04'),
	('G101', 'G48', '자살생각', '자살생각', 1, 'Y', 'admin', '2020-10-13 12:21:01'),
	('G102', 'G48', '자살의도', '자살의도', 2, 'Y', 'admin', '2020-10-13 12:21:07'),
	('G103', 'G48', '자살계획', '자살계획', 3, 'Y', 'admin', '2020-10-13 12:21:12'),
	('G104', 'G48', '자살시도력', '자살시도력', 4, 'Y', 'admin', '2020-10-13 12:21:17'),
	('G105', 'G48', '자살행동', '자살행동', 5, 'Y', 'admin', '2020-10-13 12:21:22'),
	('G106', 'G48', '자살유가족', '자살유가족', 6, 'Y', 'admin', '2020-10-13 12:21:23'),
	('G101', 'G49', '건강염려', '건강염려', 1, 'Y', 'admin', '2020-10-13 13:36:55'),
	('G102', 'G49', '건강악화', '건강악화', 2, 'Y', 'admin', '2020-10-13 13:37:14'),
	('G103', 'G49', '질환', '질환', 3, 'Y', 'admin', '2020-10-13 13:37:20'),
	('G104', 'G49', '입원수술', '입원수술', 4, 'Y', 'admin', '2020-10-13 13:37:27'),
	('G105', 'G49', '시한부', '시한부', 5, 'Y', 'admin', '2020-10-13 13:37:30'),
	('G106', 'G49', '장애진단', '장애진단', 6, 'Y', 'admin', '2020-10-13 13:37:32'),
	('G101', 'G50', '수입감소', '수입감소', 1, 'Y', 'admin', '2020-10-13 13:37:52'),
	('G102', 'G50', '저소득 경제지원 축소탈락', '저소득 경제지원 축소탈락', 2, 'Y', 'admin', '2020-10-13 13:38:08'),
	('G103', 'G50', '부채증가', '부채증가', 3, 'Y', 'admin', '2020-10-13 13:38:18'),
	('G104', 'G50', '실직', '실직', 4, 'Y', 'admin', '2020-10-13 13:38:24'),
	('G105', 'G50', '자녀경제지원', '자녀경제지원', 5, 'Y', 'admin', '2020-10-13 13:38:29'),
	('G106', 'G50', '재산분배갈등', '재산분배갈등', 6, 'Y', 'admin', '2020-10-13 13:38:37'),
	('G107', 'G50', '세무', '세무', 7, 'Y', 'admin', '2020-10-13 13:38:43'),
	('G108', 'G50', '사기·보이스피싱·다단계 등에 따른 어려움', '사기·보이스피싱·다단계 등에 따른 어려움', 8, 'Y', 'admin', '2020-10-13 13:38:52'),
	('G101', 'G51', '거주지 불안정', '거주지 불안정', 1, 'Y', 'admin', '2020-10-13 13:39:16'),
	('G102', 'G51', '일상생활(의식주, 생활환경의 어려움)', '일상생활(의식주, 생활환경의 어려움)', 2, 'Y', 'admin', '2020-10-13 13:39:31'),
	('G103', 'G51', '외출의 어려움(병원 등 동행 필요)', '외출의 어려움(병원 등 동행 필요)', 3, 'Y', 'admin', '2020-10-13 13:39:34'),
	('G101', 'G52', '이성교제', '이성교제', 1, 'Y', 'admin', '2020-10-13 13:39:51'),
	('G102', 'G52', '재혼', '재혼', 2, 'Y', 'admin', '2020-10-13 13:39:57'),
	('G103', 'G52', '성기능저하', '성기능저하', 3, 'Y', 'admin', '2020-10-13 13:40:01'),
	('G104', 'G52', '성병', '성병', 4, 'Y', 'admin', '2020-10-13 13:40:05'),
	('G105', 'G52', '성폭행', '성폭행', 5, 'Y', 'admin', '2020-10-13 13:40:10'),
	('G106', 'G52', '성적 학대', '성적 학대', 6, 'Y', 'admin', '2020-10-13 13:40:12'),
	('G101', 'G53', '가정폭력(가해, 피해)', '가정폭력(가해, 피해)', 1, 'Y', 'admin', '2020-10-13 13:40:29'),
	('G102', 'G53', '별거/이혼', '별거/이혼', 2, 'Y', 'admin', '2020-10-13 13:43:27'),
	('G103', 'G53', '사별고통', '사별고통', 3, 'Y', 'admin', '2020-10-13 13:43:34'),
	('G104', 'G53', '성관계 갈등', '성관계 갈등', 4, 'Y', 'admin', '2020-10-13 13:43:50'),
	('G105', 'G53', '성역할 갈등', '성역할 갈등', 5, 'Y', 'admin', '2020-10-13 13:43:57'),
	('G106', 'G53', '의사소통', '의사소통', 6, 'Y', 'admin', '2020-10-13 13:44:01'),
	('G107', 'G53', '부부갈등', '부부갈등', 7, 'Y', 'admin', '2020-10-13 13:44:05'),
	('G108', 'G53', '외도', '외도', 8, 'Y', 'admin', '2020-10-13 13:44:08'),
	('G101', 'G54', '노인가족학대', '노인가족학대', 1, 'Y', 'admin', '2020-10-13 13:45:07'),
	('G102', 'G54', '가족의 경제적 학대', '가족의 경제적 학대', 2, 'Y', 'admin', '2020-10-13 13:45:17'),
	('G103', 'G54', '부양기피', '부양기피', 3, 'Y', 'admin', '2020-10-13 13:45:24'),
	('G104', 'G54', '자녀갈등', '자녀갈등', 4, 'Y', 'admin', '2020-10-13 13:45:31'),
	('G105', 'G54', '시부모와 갈등', '시부모와 갈등', 5, 'Y', 'admin', '2020-10-13 13:45:38'),
	('G106', 'G54', '며느리·사위 갈등', '며느리·사위 갈등', 6, 'Y', 'admin', '2020-10-13 13:45:47'),
	('G107', 'G54', '자녀문제', '자녀문제', 7, 'Y', 'admin', '2020-10-13 13:46:01'),
	('G108', 'G54', '손자녀양육 및 갈등', '손자녀양육 및 갈등', 8, 'Y', 'admin', '2020-10-13 13:46:03'),
	('G101', 'G55', '역할변화', '역할변화', 1, 'Y', 'admin', '2020-10-13 13:46:22'),
	('G102', 'G55', '역할전환', '역할전환', 2, 'Y', 'admin', '2020-10-13 13:46:30'),
	('G103', 'G55', '은퇴', '은퇴', 3, 'Y', 'admin', '2020-10-13 13:46:34'),
	('G104', 'G55', '사회적 소외', '사회적 소외', 4, 'Y', 'admin', '2020-10-13 13:46:39'),
	('G105', 'G55', '노인차별', '노인차별', 5, 'Y', 'admin', '2020-10-13 13:46:41'),
	('G101', 'G56', '생애진로', '생애진로', 1, 'Y', 'admin', '2020-10-13 13:46:54'),
	('G102', 'G56', '취업', '취업', 2, 'Y', 'admin', '2020-10-13 13:46:56'),
	('G101', 'G57', '심리·정서문제', '심리·정서문제', 1, 'Y', 'admin', '2020-10-13 13:47:26'),
	('G102', 'G57', '대인관계문제', '대인관계문제', 2, 'Y', 'admin', '2020-10-13 13:47:37'),
	('G103', 'G57', '중독문제', '중독문제', 3, 'Y', 'admin', '2020-10-13 13:47:48'),
	('G104', 'G57', '치매문제', '치매문제', 4, 'Y', 'admin', '2020-10-13 13:47:58'),
	('G105', 'G57', '정신건강장애문제', '정신건강장애문제', 5, 'Y', 'admin', '2020-10-13 13:48:12'),
	('G106', 'G57', '건강문제', '건강문제', 6, 'Y', 'admin', '2020-10-13 13:48:22'),
	('G107', 'G57', '경제문제', '경제문제', 7, 'Y', 'admin', '2020-10-13 13:48:28'),
	('G108', 'G57', '생활문제', '생활문제', 8, 'Y', 'admin', '2020-10-13 13:48:37'),
	('G109', 'G57', '성문제', '성문제', 9, 'Y', 'admin', '2020-10-13 13:48:43'),
	('G110', 'G57', '부부문제', '부부문제', 10, 'Y', 'admin', '2020-10-13 13:48:50'),
	('G111', 'G57', '가족문제', '가족문제', 11, 'Y', 'admin', '2020-10-13 13:48:56'),
	('G112', 'G57', '역할상실문제', '역할상실문제', 12, 'Y', 'admin', '2020-10-13 13:49:00'),
	('G113', 'G57', '생애진로문제', '생애진로문제', 13, 'Y', 'admin', '2020-10-13 13:49:05'),
	('G114', 'G57', '기타', '기타', 14, 'Y', 'admin', '2020-10-13 13:49:06'),
	('G101', 'G58', '심리정서', '심리정서', 1, 'Y', 'admin', '2020-10-13 13:49:59'),
	('G102', 'G58', '대인관계', '대인관계', 2, 'Y', 'admin', '2020-10-13 13:50:06'),
	('G103', 'G58', '치매', '치매', 3, 'Y', 'admin', '2020-10-13 13:50:11'),
	('G104', 'G58', '중독', '중독', 4, 'Y', 'admin', '2020-10-13 13:50:17'),
	('G105', 'G58', '정신건강·장애', '정신건강·장애', 5, 'Y', 'admin', '2020-10-13 13:50:26'),
	('G106', 'G58', '건강', '건강', 6, 'Y', 'admin', '2020-10-13 13:50:34'),
	('G107', 'G58', '경제', '경제', 7, 'Y', 'admin', '2020-10-13 13:50:40'),
	('G108', 'G58', '생활', '생활', 8, 'Y', 'admin', '2020-10-13 13:50:45'),
	('G109', 'G58', '성', '성', 9, 'Y', 'admin', '2020-10-13 13:50:49'),
	('G110', 'G58', '부부', '부부', 10, 'Y', 'admin', '2020-10-13 13:50:54'),
	('G111', 'G58', '가족', '가족', 11, 'Y', 'admin', '2020-10-13 13:50:59'),
	('G112', 'G58', '역할상실', '역할상실', 12, 'Y', 'admin', '2020-10-13 13:51:03'),
	('G113', 'G58', '생애진로', '생애진로', 13, 'Y', 'admin', '2020-10-13 13:51:07'),
	('G114', 'G58', '기타', '기타', 14, 'Y', 'admin', '2020-10-13 13:51:09'),
	('G101', 'G59', '기혼', '기혼', 1, 'Y', 'admin', '2020-10-13 13:52:03'),
	('G102', 'G59', '사별', '사별', 2, 'Y', 'admin', '2020-10-13 13:52:15'),
	('G103', 'G59', '별거', '별거', 3, 'Y', 'admin', '2020-10-13 13:52:24'),
	('G104', 'G59', '이혼', '이혼', 4, 'Y', 'admin', '2020-10-13 13:52:40'),
	('G105', 'G59', '미혼', '미혼', 5, 'Y', 'admin', '2020-10-13 13:52:46'),
	('G106', 'G59', '재혼', '재혼', 6, 'Y', 'admin', '2020-10-13 13:52:56'),
	('G107', 'G59', '동거', '동거', 7, 'Y', 'admin', '2020-10-13 13:53:03'),
	('G108', 'G59', '비정기적 동거', '비정기적 동거', 8, 'Y', 'admin', '2020-10-13 13:53:07'),
	('G109', 'G59', '이성교제', '이성교제', 9, 'Y', 'admin', '2020-10-13 13:53:11'),
	('G110', 'G59', '기타', '기타', 10, 'Y', 'admin', '2020-10-13 13:53:13'),
	('G101', 'G60', '매우만족', '매우만족', 1, 'Y', 'admin', '2020-10-13 14:08:38'),
	('G102', 'G60', '만족', '만족', 2, 'Y', 'admin', '2020-10-13 14:08:45'),
	('G103', 'G60', '보통', '보통', 3, 'Y', 'admin', '2020-10-13 14:09:05'),
	('G104', 'G60', '불만족', '불만족', 4, 'Y', 'admin', '2020-10-13 14:09:09'),
	('G105', 'G60', '매우불만족', '매우불만족', 5, 'Y', 'admin', '2020-10-13 14:09:11'),
	('G101', 'G61', '소방서', '소방서', 1, 'Y', 'admin', '2020-10-13 14:09:38'),
	('G102', 'G61', '경찰서', '경찰서', 2, 'Y', 'admin', '2020-10-13 14:09:46'),
	('G103', 'G61', '시․군․구청', '시․군․구청', 3, 'Y', 'admin', '2020-10-13 14:09:53'),
	('G104', 'G61', '행정복지센터', '행정복지센터', 4, 'Y', 'admin', '2020-10-13 14:10:00'),
	('G105', 'G61', '무한돌봄센터', '무한돌봄센터', 5, 'Y', 'admin', '2020-10-13 14:10:06'),
	('G106', 'G61', '병·의원', '병·의원', 6, 'Y', 'admin', '2020-10-13 14:10:12'),
	('G107', 'G61', '정신건강증진센터', '정신건강증진센터', 7, 'Y', 'admin', '2020-10-13 14:10:24'),
	('G108', 'G61', '타상담기관', '타상담기관', 8, 'Y', 'admin', '2020-10-13 14:10:29'),
	('G109', 'G61', '노인관련시설', '노인관련시설', 9, 'Y', 'admin', '2020-10-13 14:10:35'),
	('G110', 'G61', '노인복지관', '노인복지관', 10, 'Y', 'admin', '2020-10-13 14:10:46'),
	('G111', 'G61', '노인보호전문기관', '노인보호전문기관', 11, 'Y', 'admin', '2020-10-13 14:10:53'),
	('G112', 'G61', '건강가정지원센터', '건강가정지원센터', 12, 'Y', 'admin', '2020-10-13 14:10:59'),
	('G113', 'G61', '치매안심센터', '치매안심센터', 13, 'Y', 'admin', '2020-10-13 14:11:05'),
	('G114', 'G61', '치매관련기관', '치매관련기관', 14, 'Y', 'admin', '2020-10-13 14:11:12'),
	('G115', 'G61', '노인재가관련기관', '노인재가관련기관', 15, 'Y', 'admin', '2020-10-13 14:11:18'),
	('G116', 'G61', '독거노인관련기관', '독거노인관련기관', 16, 'Y', 'admin', '2020-10-13 14:11:22'),
	('G117', 'G61', '노인일자리기관', '노인일자리기관', 17, 'Y', 'admin', '2020-10-13 14:11:27'),
	('G118', 'G61', '새마을부녀회', '새마을부녀회', 18, 'Y', 'admin', '2020-10-13 14:11:32'),
	('G119', 'G61', '기타', '기타', 19, 'Y', 'admin', '2020-10-13 14:11:33'),
	('G101', 'G62', '매우높음', '매우높음', 1, 'Y', 'admin', '2020-10-13 14:12:01'),
	('G102', 'G62', '높음', '높음', 2, 'Y', 'admin', '2020-10-13 14:12:05'),
	('G103', 'G62', '보통', '보통', 3, 'Y', 'admin', '2020-10-13 14:12:08'),
	('G104', 'G62', '낮음', '낮음', 4, 'Y', 'admin', '2020-10-13 14:12:12'),
	('G105', 'G62', '매우낮음', '매우낮음', 5, 'Y', 'admin', '2020-10-13 14:12:13'),
	('G101', 'G63', '일상생활에 문제없음', '일상생활에 문제없음', 1, 'Y', 'admin', '2020-10-13 14:12:54'),
	('G102', 'G63', '외출 시 도움필요', '외출 시 도움필요', 2, 'Y', 'admin', '2020-10-13 14:13:00'),
	('G103', 'G63', '식사나 거동에 도움필요', '식사나 거동에 도움필요', 3, 'Y', 'admin', '2020-10-13 14:13:10'),
	('G104', 'G63', '외상', '외상', 4, 'Y', 'admin', '2020-10-13 14:13:12'),
	('G101', 'G64', '매우 좋아짐', '매우 좋아짐', 1, 'Y', 'admin', '2020-10-13 14:13:48'),
	('G102', 'G64', '조금 좋아짐', '조금 좋아짐', 2, 'Y', 'admin', '2020-10-13 14:13:52'),
	('G103', 'G64', '변화없음', '변화없음', 3, 'Y', 'admin', '2020-10-13 14:13:57'),
	('G104', 'G64', '조금 나빠짐', '조금 나빠짐', 4, 'Y', 'admin', '2020-10-13 14:14:02'),
	('G105', 'G64', '급격히 나빠짐', '급격히 나빠짐', 5, 'Y', 'admin', '2020-10-13 14:14:04'),
	('G101', 'G65', '거의매일', '거의매일', 1, 'Y', 'admin', '2020-10-13 14:14:20'),
	('G102', 'G65', '주2~3회', '주2~3회', 2, 'Y', 'admin', '2020-10-13 14:14:28'),
	('G103', 'G65', '주1회', '주1회', 3, 'Y', 'admin', '2020-10-13 14:14:41'),
	('G104', 'G65', '월1~2회', '월1~2회', 4, 'Y', 'admin', '2020-10-13 14:14:46'),
	('G105', 'G65', '연7~8회', '연7~8회', 5, 'Y', 'admin', '2020-10-13 14:14:51'),
	('G106', 'G65', '연3~4회', '연3~4회', 6, 'Y', 'admin', '2020-10-13 14:14:54'),
	('G107', 'G65', '거의먹지않음', '거의먹지않음', 7, 'Y', 'admin', '2020-10-13 14:14:56'),
	('G101', 'G66', '매우 좋아짐', '매우 좋아짐', 1, 'Y', 'admin', '2020-10-13 14:15:16'),
	('G102', 'G66', '조금좋아짐', '조금좋아짐', 2, 'Y', 'admin', '2020-10-13 14:15:25'),
	('G103', 'G66', '변화없음', '변화없음', 3, 'Y', 'admin', '2020-10-13 14:16:30'),
	('G104', 'G66', '조금 나빠짐', '조금 나빠짐', 4, 'Y', 'admin', '2020-10-13 14:16:34'),
	('G105', 'G66', '매우 나빠짐', '매우 나빠짐', 5, 'Y', 'admin', '2020-10-13 14:16:35'),
	('G101', 'G67', '부채없음', '부채없음', 1, 'Y', 'admin', '2020-10-14 09:12:02'),
	('G102', 'G67', '거의 부담없음', '거의 부담없음', 2, 'Y', 'admin', '2020-10-14 09:12:10'),
	('G103', 'G67', '부담적음', '부담적음', 3, 'Y', 'admin', '2020-10-14 09:12:15'),
	('G104', 'G67', '보통', '보통', 4, 'Y', 'admin', '2020-10-14 09:12:20'),
	('G105', 'G67', '부담이됨', '부담이됨', 5, 'Y', 'admin', '2020-10-14 09:12:24'),
	('G106', 'G67', '매우 부담됨', '매우 부담됨', 6, 'Y', 'admin', '2020-10-14 09:12:27'),
	('G101', 'G68', '취업 중', '취업 중', 1, 'Y', 'admin', '2020-10-14 09:16:03'),
	('G102', 'G68', '퇴직 후', '퇴직 후', 2, 'Y', 'admin', '2020-10-14 09:16:07'),
	('G103', 'G68', '취업한적없음', '취업한적없음', 3, 'Y', 'admin', '2020-10-14 09:16:09'),
	('G101', 'G69', '자원봉사', '자원봉사', 1, 'Y', 'admin', '2020-10-14 09:16:31'),
	('G102', 'G69', '복지관', '복지관', 2, 'Y', 'admin', '2020-10-14 09:16:38'),
	('G103', 'G69', '노인대학', '노인대학', 3, 'Y', 'admin', '2020-10-14 09:16:44'),
	('G104', 'G69', '경로당', '경로당', 4, 'Y', 'admin', '2020-10-14 09:16:50'),
	('G105', 'G69', '동호회', '동호회', 5, 'Y', 'admin', '2020-10-14 09:16:56'),
	('G106', 'G69', '종교관련활등', '종교관련활등', 6, 'Y', 'admin', '2020-10-14 09:17:01'),
	('G107', 'G69', '친목모임', '친목모임', 7, 'Y', 'admin', '2020-10-14 09:17:06'),
	('G108', 'G69', '스프츠센터', '스프츠센터', 8, 'Y', 'admin', '2020-10-14 09:17:09'),
	('G109', 'G69', '평생교육', '평생교육', 9, 'Y', 'admin', '2020-10-14 09:17:13'),
	('G110', 'G69', '기타', '기타', 10, 'Y', 'admin', '2020-10-14 09:17:14'),
	('G101', 'G70', 'SO', 'SO', 1, 'Y', 'admin', '2020-10-14 09:17:32'),
	('G102', 'G70', 'S1', 'S1', 2, 'Y', 'admin', '2020-10-14 09:17:38'),
	('G103', 'G70', 'S2', 'S2', 3, 'Y', 'admin', '2020-10-14 09:17:42'),
	('G104', 'G70', 'S3', 'S3', 4, 'Y', 'admin', '2020-10-14 09:17:48'),
	('G105', 'G70', 'S4', 'S4', 5, 'Y', 'admin', '2020-10-14 09:17:49'),
	('G101', 'G71', '북부권역', '북부권역', 1, 'Y', 'admin', '2020-10-23 15:14:52'),
	('G102', 'G71', '동부권역', '동부권역', 2, 'Y', 'admin', '2020-10-23 15:15:34'),
	('G103', 'G71', '중부권역', '중부권역', 3, 'Y', 'admin', '2020-10-23 15:15:43'),
	('G104', 'G71', '서부권역', '서부권역', 4, 'Y', 'admin', '2020-10-23 15:15:48'),
	('G105', 'G71', '남부권역', '남부권역', 5, 'Y', 'admin', '2020-10-23 15:17:33'),
	('G101', 'G72', '서울시', '서울시', 1, 'Y', 'admin', '2020-10-26 11:51:31'),
	('G102', 'G72', '부산광역시', '부산광역시', 2, 'Y', 'admin', '2020-10-26 11:51:35'),
	('G103', 'G72', '대구광역시', '대구광역시', 3, 'Y', 'admin', '2020-10-26 11:51:38'),
	('G104', 'G72', '인천광역시', '인천광역시', 4, 'Y', 'admin', '2020-10-26 11:51:41'),
	('G105', 'G72', '광주광역시', '광주광역시', 5, 'Y', 'admin', '2020-10-26 11:51:46'),
	('G106', 'G72', '대전광역시', '대전광역시', 6, 'Y', 'admin', '2020-10-26 11:51:50'),
	('G107', 'G72', '울산광역시', '울산광역시', 7, 'Y', 'admin', '2020-10-26 11:51:53'),
	('G108', 'G72', '세종특별자치시', '세종특별자치시', 8, 'Y', 'admin', '2020-10-26 11:51:57'),
	('G109', 'G72', '경기도', '경기도', 9, 'Y', 'admin', '2020-10-26 11:52:00'),
	('G110', 'G72', '강원도', '강원도', 10, 'Y', 'admin', '2020-10-26 11:52:05'),
	('G111', 'G72', '충청북도', '충청북도', 11, 'Y', 'admin', '2020-10-26 11:52:09'),
	('G112', 'G72', '충청남도', '충청남도', 12, 'Y', 'admin', '2020-10-26 11:52:12'),
	('G113', 'G72', '전라북도', '전라북도', 13, 'Y', 'admin', '2020-10-26 11:52:16'),
	('G114', 'G72', '전라남도', '전라남도', 14, 'Y', 'admin', '2020-10-26 11:52:20'),
	('G115', 'G72', '경상북도', '경상북도', 15, 'Y', 'admin', '2020-10-26 11:52:23'),
	('G116', 'G72', '경상남도', '경상남도', 16, 'Y', 'admin', '2020-10-26 11:52:26'),
	('G117', 'G72', '제주특별자치도', '제주특별자치도', 17, 'Y', 'admin', '2020-10-26 11:53:04'),
	('G101', 'G73', '내부연계', '내부연계', 1, 'Y', 'admin', '2020-10-26 14:23:46'),
	('G102', 'G73', '외부연계', '외부연계', 2, 'Y', 'admin', '2020-10-26 14:23:54'),
	('G074001', 'G074', '테스트트', '테스트트', 1, 'Y', 'admin', '2020-11-11 14:39:26'),
	('G074002', 'G074', '테스트트1', '테스트트1', 2, 'Y', 'admin', '2020-11-11 14:39:32'),
	('G074003', 'G074', '테스트트3', '테스트트3', 3, 'Y', 'admin', '2020-11-11 14:39:36'),
	('G074004', 'G074', '테스트트3', '테스트트3', 4, 'Y', 'admin', '2020-11-11 15:30:40'),
	('G103', 'G21', '치매예방', '치매예방', 3, 'Y', 'admin', '2020-10-12 17:47:53'),
	('G101', 'G21', '내부의뢰', '내부의뢰', 1, 'Y', 'admin', '2020-10-12 17:47:53'),
	('G102', 'G21', '외부의뢰', '외부의뢰', 2, 'Y', 'admin', '2020-10-12 17:47:53');
/*!40000 ALTER TABLE `gs_m_class` ENABLE KEYS */;

-- 테이블 apfm.gs_notice_a 구조 내보내기
CREATE TABLE IF NOT EXISTS `gs_notice_a` (
  `NUM` int(11) NOT NULL COMMENT '일련번호',
  `TITLE` varchar(100) CHARACTER SET utf8 DEFAULT NULL COMMENT '제목',
  `WRITER` varchar(50) CHARACTER SET utf8 DEFAULT NULL COMMENT '작성자',
  `CNTN` varchar(500) CHARACTER SET utf8 DEFAULT NULL COMMENT '내용',
  `REG_ID` varchar(50) CHARACTER SET utf8 DEFAULT NULL COMMENT '등록자ID',
  `DB_INS_TM` timestamp NOT NULL DEFAULT current_timestamp() ON UPDATE current_timestamp() COMMENT '등록일시',
  PRIMARY KEY (`NUM`) USING BTREE
) ENGINE=InnoDB DEFAULT CHARSET=cp1257 COMMENT='공지사항(알려드려요)';

-- 테이블 데이터 apfm.gs_notice_a:~1 rows (대략적) 내보내기
/*!40000 ALTER TABLE `gs_notice_a` DISABLE KEYS */;
INSERT INTO `gs_notice_a` (`NUM`, `TITLE`, `WRITER`, `CNTN`, `REG_ID`, `DB_INS_TM`) VALUES
	(1, '파일업로드 테스트중입니다1', 'aa', '파일업로드 테스트중입니다1', 'aa', '2020-11-21 21:34:58');
/*!40000 ALTER TABLE `gs_notice_a` ENABLE KEYS */;

-- 테이블 apfm.gs_notice_a_file 구조 내보내기
CREATE TABLE IF NOT EXISTS `gs_notice_a_file` (
  `FILE_NUM` int(11) NOT NULL COMMENT '파일_일련번호',
  `REG_ID` varchar(50) CHARACTER SET utf8 DEFAULT NULL,
  `REG_NM` varchar(50) CHARACTER SET utf8 DEFAULT NULL,
  `FILE_NM` varchar(200) CHARACTER SET utf8 DEFAULT NULL COMMENT '오리지널_파일명',
  `SYS_FILE_NM` varchar(100) CHARACTER SET utf8 DEFAULT NULL COMMENT '시스템_파일명',
  `FILE_PATH` varchar(200) CHARACTER SET utf8 DEFAULT NULL COMMENT '파일_경로',
  `FILE_SIZE` int(11) DEFAULT 0 COMMENT '파일_사이즈',
  `FILE_DESC` varchar(1000) CHARACTER SET utf8 DEFAULT NULL COMMENT '파일_설명',
  `DB_INS_TM` timestamp NULL DEFAULT NULL COMMENT '등록_일시'
) ENGINE=InnoDB DEFAULT CHARSET=latin1 COMMENT='공지사항_파일업로드(알려드려요)';

-- 테이블 데이터 apfm.gs_notice_a_file:~1 rows (대략적) 내보내기
/*!40000 ALTER TABLE `gs_notice_a_file` DISABLE KEYS */;
INSERT INTO `gs_notice_a_file` (`FILE_NUM`, `REG_ID`, `REG_NM`, `FILE_NM`, `SYS_FILE_NM`, `FILE_PATH`, `FILE_SIZE`, `FILE_DESC`, `DB_INS_TM`) VALUES
	(1, 'aa', 'aa', 'GGSC-DE-01_02_상담관리시스템_화면설계서_v3.pptx', '202010219345818.pptx', 'C:/Users/BeadNet/eclipse-workspace/ggsc/src/main/webapp/images/upload/req/', 2814024, NULL, '2020-11-21 21:34:58');
/*!40000 ALTER TABLE `gs_notice_a_file` ENABLE KEYS */;

-- 테이블 apfm.gs_notice_b 구조 내보내기
CREATE TABLE IF NOT EXISTS `gs_notice_b` (
  `NUM` int(11) NOT NULL COMMENT '일련번호',
  `TITLE` varchar(100) CHARACTER SET utf8 DEFAULT NULL COMMENT '제목',
  `WRITER` varchar(50) CHARACTER SET utf8 DEFAULT NULL COMMENT '작성자',
  `CNTN` varchar(500) CHARACTER SET utf8 DEFAULT NULL COMMENT '내용',
  `REG_ID` varchar(50) CHARACTER SET utf8 DEFAULT NULL COMMENT '등록자ID',
  `DB_INS_TM` timestamp NOT NULL DEFAULT current_timestamp() ON UPDATE current_timestamp() COMMENT '등록일시',
  PRIMARY KEY (`NUM`) USING BTREE
) ENGINE=InnoDB DEFAULT CHARSET=cp1257 COMMENT='공지사항(자유게시판)';

-- 테이블 데이터 apfm.gs_notice_b:~1 rows (대략적) 내보내기
/*!40000 ALTER TABLE `gs_notice_b` DISABLE KEYS */;
INSERT INTO `gs_notice_b` (`NUM`, `TITLE`, `WRITER`, `CNTN`, `REG_ID`, `DB_INS_TM`) VALUES
	(1, '파일업로드 테스트중입니다1', 'aa', '파일업로드 테스트중입니다1', 'aa', '2020-11-21 21:35:16');
/*!40000 ALTER TABLE `gs_notice_b` ENABLE KEYS */;

-- 테이블 apfm.gs_notice_b_file 구조 내보내기
CREATE TABLE IF NOT EXISTS `gs_notice_b_file` (
  `FILE_NUM` int(11) NOT NULL COMMENT '파일_일련번호',
  `REG_ID` varchar(50) CHARACTER SET utf8 DEFAULT NULL,
  `REG_NM` varchar(50) CHARACTER SET utf8 DEFAULT NULL,
  `FILE_NM` varchar(200) CHARACTER SET utf8 DEFAULT NULL COMMENT '오리지널_파일명',
  `SYS_FILE_NM` varchar(100) CHARACTER SET utf8 DEFAULT NULL COMMENT '시스템_파일명',
  `FILE_PATH` varchar(200) CHARACTER SET utf8 DEFAULT NULL COMMENT '파일_경로',
  `FILE_SIZE` int(11) DEFAULT 0 COMMENT '파일_사이즈',
  `FILE_DESC` varchar(1000) CHARACTER SET utf8 DEFAULT NULL COMMENT '파일_설명',
  `DB_INS_TM` timestamp NULL DEFAULT NULL COMMENT '등록_일시'
) ENGINE=InnoDB DEFAULT CHARSET=latin1 COMMENT='공지사항_파일업로드(자유게시판)';

-- 테이블 데이터 apfm.gs_notice_b_file:~1 rows (대략적) 내보내기
/*!40000 ALTER TABLE `gs_notice_b_file` DISABLE KEYS */;
INSERT INTO `gs_notice_b_file` (`FILE_NUM`, `REG_ID`, `REG_NM`, `FILE_NM`, `SYS_FILE_NM`, `FILE_PATH`, `FILE_SIZE`, `FILE_DESC`, `DB_INS_TM`) VALUES
	(1, 'aa', 'aa', '노인상담DB.txt', '2020102193516979.txt', 'C:/Users/BeadNet/eclipse-workspace/ggsc/src/main/webapp/images/upload/req/', 9942701, NULL, '2020-11-21 21:35:16');
/*!40000 ALTER TABLE `gs_notice_b_file` ENABLE KEYS */;

-- 테이블 apfm.gs_per_cns 구조 내보내기
CREATE TABLE IF NOT EXISTS `gs_per_cns` (
  `CASE_NO` int(11) DEFAULT NULL COMMENT 'case_no',
  `CNS_GB` char(1) DEFAULT NULL COMMENT '상담구분',
  `CNS_DTL_GB_CD` int(11) DEFAULT NULL COMMENT '상담세부구분코드',
  `ZONE_GB` char(3) DEFAULT NULL COMMENT '권역구분',
  `LOCAL_GB` char(10) DEFAULT NULL COMMENT '지역구분',
  `CENTER_GB` char(10) DEFAULT NULL COMMENT '센터구분',
  `CNSLE_ID` varchar(50) DEFAULT NULL COMMENT '내담자ID',
  `CNSLE_NM` varchar(50) DEFAULT NULL COMMENT '내담자명',
  `CNSR_GB` char(10) DEFAULT NULL COMMENT '상담사구분',
  `CNSR_NM` varchar(20) DEFAULT NULL COMMENT '상담사명',
  `CNS_STAT` char(3) DEFAULT NULL COMMENT '상담상태',
  `CNS_END_CD` char(3) DEFAULT NULL COMMENT '종결코드',
  `CNS_END_DT` varchar(20) DEFAULT NULL COMMENT '종결일자',
  `DEFR_CD` char(3) DEFAULT NULL COMMENT '보류코드',
  `DEFR_DT` varchar(20) DEFAULT NULL COMMENT '보류일자',
  `RE_REQ_DT` varchar(20) DEFAULT NULL COMMENT '재신청일자',
  `CMBK_DT` varchar(20) DEFAULT NULL COMMENT '복귀일자',
  `BIRTH_DT` varchar(50) DEFAULT NULL COMMENT '생년월일',
  `GENDER` char(1) DEFAULT NULL COMMENT '성별',
  `MOBILE` varchar(20) DEFAULT NULL COMMENT '핸드폰',
  `EMGCY_TEL` varchar(20) DEFAULT NULL COMMENT '긴급연락처',
  `ADDR` varchar(200) DEFAULT NULL COMMENT '기본주소',
  `ADDR_DTL` varchar(200) DEFAULT NULL COMMENT '상세주소',
  `CNS_END_YN` char(1) DEFAULT 'N' COMMENT '종결여부',
  `DB_INS_TM` timestamp NOT NULL DEFAULT current_timestamp() ON UPDATE current_timestamp() COMMENT '등록일시',
  KEY `FK_gs_per_cns_gs_cns_m` (`CASE_NO`,`CNS_GB`,`CNS_DTL_GB_CD`,`ZONE_GB`,`LOCAL_GB`,`CENTER_GB`,`CNSLE_ID`)
) ENGINE=InnoDB DEFAULT CHARSET=utf8 COMMENT='개인상담';

-- 테이블 데이터 apfm.gs_per_cns:~12 rows (대략적) 내보내기
/*!40000 ALTER TABLE `gs_per_cns` DISABLE KEYS */;
INSERT INTO `gs_per_cns` (`CASE_NO`, `CNS_GB`, `CNS_DTL_GB_CD`, `ZONE_GB`, `LOCAL_GB`, `CENTER_GB`, `CNSLE_ID`, `CNSLE_NM`, `CNSR_GB`, `CNSR_NM`, `CNS_STAT`, `CNS_END_CD`, `CNS_END_DT`, `DEFR_CD`, `DEFR_DT`, `RE_REQ_DT`, `CMBK_DT`, `BIRTH_DT`, `GENDER`, `MOBILE`, `EMGCY_TEL`, `ADDR`, `ADDR_DTL`, `CNS_END_YN`, `DB_INS_TM`) VALUES
	(1111, '1', 1, '1', '1', '1', 'aaa', 'aaa', '2', '박상담', '1', '1', '', '1', '', '', '', '2020.10.15', '남', '01090992255', '55555', 'ㅁㅁㅁㅁ', NULL, 'N', '2020-11-25 14:44:05'),
	(1112, '1', 1, '1', '1', '1', 'ccc', 'ccc', NULL, '이상담', NULL, NULL, NULL, NULL, NULL, NULL, NULL, NULL, NULL, NULL, NULL, NULL, NULL, 'Y', '2020-10-22 12:27:57'),
	(101, '1', 1, '1', '1', '1', 'person', '홍길동', NULL, '문상담', NULL, NULL, '', NULL, NULL, NULL, NULL, NULL, NULL, NULL, NULL, NULL, NULL, 'Y', '2020-10-22 12:27:57'),
	(411111, '2', 1, '1', '1', '1', 'bbb', 'bbb', '2', '박상담', '2', '1', '', '1', '', '', '', '2020.11.11', '남', '01011111111', '01022222222', '서울시 관악구', NULL, NULL, '2020-11-02 09:35:22'),
	(411111, '2', 1, '1', '1', '1', 'bbb', 'bbb', '2', '박상담', '2', '1', '', '1', '', '', '', '2020.11.19', '여', 'sss', '01022222222', 'ssss', NULL, NULL, '2020-11-02 09:55:26'),
	(411111, '2', 1, '1', '1', '1', 'bbb', 'bbb', '2', '박상담', '1', '', '', '1', '', '', '', '2002.01.03', '여', '01011111111', '01022222222', '서울시 관악구', NULL, NULL, '2020-11-03 09:57:33'),
	(411111, '2', 1, '1', '1', '1', 'bbb', 'bbb', '2', '박상담', '1', '', '', '1', '', '', '', '', '남', '01011111111', '01022222222', '서울시 관악구', NULL, NULL, '2020-11-03 10:02:10'),
	(411111, '2', 1, '1', '1', '1', 'bbb', 'bbb', '2', '박상담', '1', '', '', '1', '', '', '', '1984.01.10', NULL, '01011111111', '01022222222', '서울시 관악구', NULL, 'N', '2020-11-03 10:13:12'),
	(1114, '1', 1, '1', '1', '1', 'aa', '홍길동', '2', '박상담', '1', '1', '', '1', '', '', '', '2020.10.15', 'M', '01090992255', '55555', 'ㅁㅁㅁㅁ', NULL, 'N', '2020-11-26 12:50:23'),
	(1115, '2', 1, '1', '1', '1', 'aa', '이순신', '2', '박상담', '1', '1', '', '1', '', '', '', '2020.10.15', 'M', '01090992255', '55555', 'ㅁㅁㅁㅁ', NULL, 'N', '2020-11-26 12:49:00'),
	(1116, '1', 1, '1', '1', '1', 'aa', '박지성', '2', '박상담', '2', '1', '2020-11-15', '1', '', '', '', '2020.10.15', 'M', '01090992255', '55555', 'ㅁㅁㅁㅁ', NULL, 'N', '2020-11-26 12:48:03'),
	(1117, '2', 1, '1', '1', '1', 'aa', '손흥민', '2', '박상담', '2', '1', '2020-12-08', '1', '', '', '', '2020.10.15', 'M', '01090992255', '55555', 'ㅁㅁㅁㅁ', NULL, 'N', '2020-11-26 12:48:04');
/*!40000 ALTER TABLE `gs_per_cns` ENABLE KEYS */;

-- 테이블 apfm.gs_per_cns_dtl 구조 내보내기
CREATE TABLE IF NOT EXISTS `gs_per_cns_dtl` (
  `NUM` int(11) NOT NULL AUTO_INCREMENT COMMENT '일련번호',
  `CASE_NO` int(11) DEFAULT NULL COMMENT 'case_no',
  `CNS_GB` char(1) DEFAULT NULL COMMENT '상담구분',
  `CNS_DTL_GB_CD` int(11) DEFAULT NULL COMMENT '상담세부구분코드',
  `ZONE_GB` char(3) DEFAULT NULL COMMENT '권역구분',
  `LOCAL_GB` char(10) DEFAULT NULL COMMENT '지역구분',
  `CENTER_GB` char(10) DEFAULT NULL COMMENT '센터구분',
  `CNSLE_ID` varchar(50) DEFAULT NULL COMMENT '내담자ID',
  `CNS_EFFT_PLACE` varchar(100) DEFAULT NULL COMMENT '상담실시장소',
  `CNS_RSVT_PLACE` varchar(100) DEFAULT NULL COMMENT '상담예약장소',
  `CNS_CNT` int(11) DEFAULT NULL COMMENT '상담회기',
  `EMGCY_URGT` char(1) DEFAULT NULL COMMENT '위기긴급성',
  `CNS_DT` varchar(20) DEFAULT NULL COMMENT '상담일자',
  `CNS_DT_WEEK_CD` char(1) DEFAULT NULL COMMENT '상담일자_요일_코드',
  `CNS_DT_STD_HOUR` int(11) DEFAULT NULL COMMENT '상담일자_시작_시간',
  `CNS_DT_STD_MIN` int(11) DEFAULT NULL COMMENT '상담일자_시작_분',
  `CNS_DT_END_HOUR` int(11) DEFAULT NULL COMMENT '상담일자_종료_시간',
  `CNS_DT_END_MIN` int(11) DEFAULT NULL COMMENT '상담일자_종료_분',
  `CNS_TIME_TOT_MIN` int(11) DEFAULT NULL COMMENT '상담시간_총분',
  `CNS_RSVT_DT` char(18) DEFAULT NULL COMMENT '상담예약일자',
  `CNS_RSVT_WEEK_CD` char(1) DEFAULT NULL COMMENT '상담예약일자_요일_코드',
  `CNS_RSVT_STRT_HOUR` int(11) DEFAULT NULL COMMENT '상담예약일자_시작_시간',
  `CNS_RSVT_STRT_MIN` int(11) DEFAULT NULL COMMENT '상담예약일자_시작_분',
  `CNS_RSVT_END_HOUR` int(11) DEFAULT NULL COMMENT '상담예약일자_종료_시간',
  `CNS_RSVT_END_MIN` int(11) DEFAULT NULL COMMENT '상담예약일자_종료_분',
  `CNS_RSVT_TOT_MIN` int(11) DEFAULT NULL COMMENT '상담예약일자_총분',
  `CNSLE_REL` char(1) DEFAULT NULL COMMENT '내담자와의관계',
  `CNS_METHD` char(3) DEFAULT NULL COMMENT '상담방법',
  `KILLS_OPTN` char(1) DEFAULT NULL COMMENT '자살사례',
  `AHYD_SUPT_YN` char(1) DEFAULT NULL COMMENT '항우울제지원여부',
  `AHYD_ACPT_DT` varchar(20) DEFAULT NULL COMMENT '항우울제_게시일자',
  `AHYD_END_DT` varchar(20) DEFAULT NULL COMMENT '항우울제_종결일자',
  `ABUS_OPTN` char(1) DEFAULT NULL COMMENT '학대사례',
  `LIVG_FORM` char(3) DEFAULT NULL COMMENT '주거형태',
  `HOUSE_FORM` char(3) DEFAULT NULL COMMENT '주택형태',
  `HOUSE_CHNG` varchar(200) DEFAULT NULL COMMENT '거주지변동',
  `MERR_STAT` varchar(50) DEFAULT NULL COMMENT '결혼상태',
  `LIVE_FORM` varchar(50) DEFAULT NULL COMMENT '동거형태',
  `SUJT_HELCY_STAT` varchar(100) DEFAULT NULL COMMENT '주관적건강상태',
  `DIGN_MHIST` varchar(100) DEFAULT NULL COMMENT '진단병력',
  `MNDS` varchar(100) DEFAULT NULL COMMENT '복용약',
  `ECONO_STAT` varchar(100) DEFAULT NULL COMMENT '경제상태',
  `RECNT_FMLY_DETH` varchar(50) DEFAULT NULL COMMENT '최근가족사별경험',
  `RECNT_MMAN_DETH` varchar(50) DEFAULT NULL COMMENT '최근주변인사별경험',
  `OLDER_WORK_PTPT_YN` varchar(50) DEFAULT NULL COMMENT '노인일자리참여여부',
  `KILLS_RSKN` varchar(100) DEFAULT NULL COMMENT '자살위험성',
  `PSYC_QUST` varchar(100) DEFAULT NULL COMMENT '심리문제',
  `PER_REL_QUST` varchar(100) DEFAULT NULL COMMENT '대인관계문제',
  `PSNG` varchar(100) DEFAULT NULL COMMENT '중독',
  `DMTA` varchar(100) DEFAULT NULL COMMENT '치매',
  `DSM` varchar(100) DEFAULT NULL COMMENT '정신장애',
  `HELTH_QUST` varchar(100) DEFAULT NULL COMMENT '건강문제',
  `ECONO_QUST` varchar(100) DEFAULT NULL COMMENT '경제문제',
  `LIFE_QUST` varchar(100) DEFAULT NULL COMMENT '생활문제',
  `CNS_ITVT_LINK` varchar(2000) DEFAULT NULL COMMENT '상담개입및연계',
  `CNS_CNT_EVAT_CNTN` varchar(2000) DEFAULT NULL COMMENT '상담회기평가및추후계획',
  `DAFT_MNG` varchar(2000) DEFAULT NULL COMMENT '사후관리',
  `CNS_CNTN` varchar(2000) DEFAULT NULL COMMENT '상담내용',
  `EMOT_CPTV_DEGR` char(3) DEFAULT NULL COMMENT '정서적편안함정도',
  `HELP_DEGR` char(3) DEFAULT NULL COMMENT '도움받은정도',
  `CNS_CHNG_DEGR` char(3) DEFAULT NULL COMMENT '상담으로인한변화정도',
  `EMGCY_EVAT` varchar(100) DEFAULT NULL COMMENT '위기평가',
  `EMGCY_EVAT_POINT` int(11) DEFAULT NULL COMMENT '위기평가점수',
  `EMGCY_EXAM_DT` varchar(20) DEFAULT NULL COMMENT '위기평가검사일자',
  `NSSY_PSYC_EXAM` varchar(100) DEFAULT NULL COMMENT '필수심리검사',
  `NSSY_GDSKR_POINT` int(11) DEFAULT NULL COMMENT '필수심리검사_GDSKR_점수',
  `NSSY_GDSKR_DT` varchar(20) DEFAULT NULL COMMENT '필수심리검사_GDSKR_검사일자',
  `NSSY_SSI_POINT` int(11) DEFAULT NULL COMMENT '필수심리검사_SSI_점수',
  `NSSY_SSI_DT` varchar(20) DEFAULT NULL COMMENT '필수심리검사_SSI_검사일자',
  `MAJOR_APPL_CD` varchar(50) DEFAULT NULL COMMENT '주호소_코드',
  PRIMARY KEY (`NUM`),
  UNIQUE KEY `uniquekey` (`NUM`,`CASE_NO`),
  KEY `FK_GS_PER_CNS_DTL_gs_per_cns` (`CASE_NO`,`CNS_GB`,`CNS_DTL_GB_CD`,`ZONE_GB`,`LOCAL_GB`,`CENTER_GB`,`CNSLE_ID`)
) ENGINE=InnoDB AUTO_INCREMENT=13 DEFAULT CHARSET=utf8 COMMENT='개인상담_내용';

-- 테이블 데이터 apfm.gs_per_cns_dtl:~12 rows (대략적) 내보내기
/*!40000 ALTER TABLE `gs_per_cns_dtl` DISABLE KEYS */;
INSERT INTO `gs_per_cns_dtl` (`NUM`, `CASE_NO`, `CNS_GB`, `CNS_DTL_GB_CD`, `ZONE_GB`, `LOCAL_GB`, `CENTER_GB`, `CNSLE_ID`, `CNS_EFFT_PLACE`, `CNS_RSVT_PLACE`, `CNS_CNT`, `EMGCY_URGT`, `CNS_DT`, `CNS_DT_WEEK_CD`, `CNS_DT_STD_HOUR`, `CNS_DT_STD_MIN`, `CNS_DT_END_HOUR`, `CNS_DT_END_MIN`, `CNS_TIME_TOT_MIN`, `CNS_RSVT_DT`, `CNS_RSVT_WEEK_CD`, `CNS_RSVT_STRT_HOUR`, `CNS_RSVT_STRT_MIN`, `CNS_RSVT_END_HOUR`, `CNS_RSVT_END_MIN`, `CNS_RSVT_TOT_MIN`, `CNSLE_REL`, `CNS_METHD`, `KILLS_OPTN`, `AHYD_SUPT_YN`, `AHYD_ACPT_DT`, `AHYD_END_DT`, `ABUS_OPTN`, `LIVG_FORM`, `HOUSE_FORM`, `HOUSE_CHNG`, `MERR_STAT`, `LIVE_FORM`, `SUJT_HELCY_STAT`, `DIGN_MHIST`, `MNDS`, `ECONO_STAT`, `RECNT_FMLY_DETH`, `RECNT_MMAN_DETH`, `OLDER_WORK_PTPT_YN`, `KILLS_RSKN`, `PSYC_QUST`, `PER_REL_QUST`, `PSNG`, `DMTA`, `DSM`, `HELTH_QUST`, `ECONO_QUST`, `LIFE_QUST`, `CNS_ITVT_LINK`, `CNS_CNT_EVAT_CNTN`, `DAFT_MNG`, `CNS_CNTN`, `EMOT_CPTV_DEGR`, `HELP_DEGR`, `CNS_CHNG_DEGR`, `EMGCY_EVAT`, `EMGCY_EVAT_POINT`, `EMGCY_EXAM_DT`, `NSSY_PSYC_EXAM`, `NSSY_GDSKR_POINT`, `NSSY_GDSKR_DT`, `NSSY_SSI_POINT`, `NSSY_SSI_DT`, `MAJOR_APPL_CD`) VALUES
	(1, 1114, '1', 1, '1', '1', '1', 'aa', 'ㅎㅎㅎㅎㅎ', 'ㄷㄷㄷㄷㄷ', 1, '1', '2020.11.20', '1', 1, 1, 1, 2, 1, '2020.10.15', '1', 2, 2, 2, 3, 1, '5', '3', '2', '1', '', '', 'N', '3', '2', '1', '2,4,9', '3,7,14', '4', '3,4', '3', '3', 'Y', 'N', '2', '2,3', '4,5', '2,3', '3,4,5', '2,3', '2,3,4', '2,3,5', '2,3,7', 'ㅎㅎㅎttt', 'ㄱㄱㄱhhh', 'ㅅㅅㅅggg', 'ㅛㅛㅛfff', 'ㄴㄴㄴeee', '5', '3', '5', NULL, NULL, NULL, NULL, NULL, NULL, NULL, NULL, '2'),
	(2, 1112, '1', 1, '1', '1', '1', 'ccc', NULL, NULL, 5, NULL, '2020-10-17', NULL, NULL, NULL, NULL, NULL, NULL, NULL, NULL, NULL, NULL, NULL, NULL, NULL, NULL, NULL, NULL, NULL, NULL, NULL, NULL, NULL, NULL, NULL, NULL, NULL, NULL, NULL, NULL, NULL, NULL, NULL, NULL, '상', NULL, NULL, NULL, NULL, NULL, NULL, NULL, NULL, NULL, NULL, NULL, NULL, NULL, NULL, NULL, NULL, NULL, NULL, NULL, NULL, NULL, NULL, NULL, NULL),
	(3, 1111, '1', 1, '1', '1', '1', 'aaa', 'ㅎㅎㅎㅎㅎ', 'ㄷㄷㄷㄷㄷ', 1, '1', '2020.11.20', '1', 1, 1, 1, 2, 1, '2020.10.15', '1', 2, 2, 2, 3, 1, '5', '3', '2', '1', '', '', 'N', '3', '2', '1', '2,4,9', '3,7,14', '4', '3,4', '3', '3', 'Y', 'N', '2', '2,3', '4,5', '2,3', '3,4,5', '2,3', '2,3,4', '2,3,5', '2,3,7', 'ㅎㅎㅎttt', 'ㄱㄱㄱhhh', 'ㅅㅅㅅggg', 'ㅛㅛㅛfff', 'ㄴㄴㄴeee', '5', '3', '5', NULL, NULL, NULL, NULL, NULL, NULL, NULL, NULL, '2'),
	(4, 101, '1', 0, '1', '1', '1', 'person', 'ge', 'ge', 2, '2', '2020-10-19', NULL, 1, 1, 1, 2, 1, '2020.10.15', '1', 2, 2, 2, 3, 1, '3', '3', '2', '1', '', '', 'N', '3', '2', '1,2', '2,4,9', '3,7,14', '4', '3,4', '3', '2', NULL, 'N', '2', '2,3', '4,5', '2,3', '3,4,5', '2,3', '2,3,4', '2,3,5', '2,3,7', 'ㅎㅎㅎ', 'ㄱㄱㄱ', 'ㅅㅅㅅ', 'ㅛㅛㅛ', 'ㄴㄴㄴ', '4', '7', '11', NULL, NULL, NULL, NULL, NULL, NULL, NULL, NULL, '4'),
	(5, 411111, '2', 1, '1', '1', '1', 'bbb', 'ggg', 'gggd', 2, '2', '2020.11.06', '2', 2, 2, 3, 3, 61, '2020.11.04', '2', 2, 2, 3, 3, 61, '2', '2', '2', '1', '', '', 'N', '2', '2', '1', '2,4', '3,9', '2', '3', '3', '3', 'Y', 'N', '1', '3', '4', '3', '3', '3', '2,3', '3,5', '1,2', 'ggg', 'rrr', 'eee', 'www', 'qqq', '4', '3', '2', NULL, NULL, NULL, NULL, NULL, NULL, NULL, NULL, '2'),
	(6, 411111, '2', 1, '1', '1', '1', 'bbb', 'sss', 'ssss', 3, '2', '2020.11.05', '3', 2, 2, 3, 3, 61, '2020.11.04', '2', 2, 2, 3, 3, 61, '1', '3', '2', '1', '', '', 'N', '2', '3', NULL, '5,6,7,10', '3,7', '2', '3', '3', '3', 'Y', 'Y', '2', '3', '4', '3', '4', '3', '3', '3,6', '3,6,7', 'rrr', 'rrr', 'ttt', 'eee', 'ewww', '8', '8', '9', NULL, NULL, NULL, NULL, NULL, NULL, NULL, NULL, '14'),
	(7, 411111, '2', 1, '1', '1', '1', 'bbb', 'ㄷㄱㅎㄷ', 'ㄷㄱㄱㄱ', 1, '2', '2020.11.05', '1', 1, 1, 2, 2, 61, '2020.11.11', '1', 2, 2, 3, 3, 61, '2', '2', '2', '1', '', '', 'N', '3', '2', '1', '2,4,9', '3,7', '3', '3', '4', '3', 'Y', 'Y', '3', '3', '4', '3', '3', '3', '3', '6', '3,7', 'ㄷㄱㄱㅎ', 'ㅎㄱㄱㅎ', 'ㄷㄱㄷㄱㄱ', '54ㅎㅎㅎㄱㅎ', 'ㄷㄱㅎㄷㅎ45', '8', '9', '10', NULL, NULL, NULL, NULL, NULL, NULL, NULL, NULL, '4'),
	(8, 411111, '2', 1, '1', '1', '1', 'bbb', 'ㄱㄱㄱ', 'ㅎㅎㅎ', 2, '2', '2020.11.04', '1', 2, 2, 3, 3, 61, '2020.11.19', '1', 1, 1, 3, 3, 122, '3', '2', '2', '1', '', '', 'N', '2', '2', '1,2', '4,9', '3,7,10', '3', '4', '4', '3', 'Y', 'Y', '3', '3', '4', '3', '4', '3', '3', '2,5', '2,7', 'ㅎㅎㅎ', 'ㄱㄱㄱ', 'ㄷㄷㄷ', 'ㅈㅈ', 'ㅂㅂㅂ', '9', '8', '10', NULL, NULL, NULL, NULL, NULL, NULL, NULL, NULL, '5'),
	(9, 411111, '2', 1, '1', '1', '1', 'bbb', 'ㅇㅎㅇㅎ', '', 1, '2', '2020.11.06', '1', 1, 1, 2, 2, 61, '2020.11.19', '1', 2, 2, 3, 3, 61, '1', '5', '2', '1', '', '', 'N', '2', '3', '2', '2,5,8', '3,6', '3', '3', '3', '3', 'Y', 'Y', '2', '4', '5', '4', '4', '3', '3', '3', '3', '솟소', 'ㅅㅅㅅㅅ', 'ㄱㄱㄱㄱㄷ', 'ㄷㄷㄷㄷ', '', '10', '10', '11', NULL, NULL, NULL, NULL, NULL, NULL, NULL, NULL, '14'),
	(10, 1115, '1', 1, '1', '1', '1', 'aa', 'ㅎㅎㅎㅎㅎ', 'ㄷㄷㄷㄷㄷ', 1, '1', '2020.11.20', '1', 1, 1, 1, 2, 1, '2020.10.15', '1', 13, 30, 2, 3, 1, '5', '3', '2', '1', '', '', 'N', '3', '2', '1', '2,4,9', '3,7,14', '4', '3,4', '3', '3', 'Y', 'N', '2', '2,3', '4,5', '2,3', '3,4,5', '2,3', '2,3,4', '2,3,5', '2,3,7', 'ㅎㅎㅎttt', 'ㄱㄱㄱhhh', 'ㅅㅅㅅggg', 'ㅛㅛㅛfff', 'ㄴㄴㄴeee', '5', '3', '5', NULL, NULL, NULL, NULL, NULL, NULL, NULL, NULL, '2'),
	(11, 1116, '1', 1, '1', '1', '1', 'aa', 'ㅎㅎㅎㅎㅎ', 'ㄷㄷㄷㄷㄷ', 1, '1', '2020.11.20', '1', 1, 1, 1, 2, 1, '2020.10.15', '1', 2, 2, 2, 3, 1, '5', '3', '2', '1', '', '', 'N', '3', '2', '1', '2,4,9', '3,7,14', '4', '3,4', '3', '3', 'Y', 'N', '2', '2,3', '4,5', '2,3', '3,4,5', '2,3', '2,3,4', '2,3,5', '2,3,7', 'ㅎㅎㅎttt', 'ㄱㄱㄱhhh', 'ㅅㅅㅅggg', 'ㅛㅛㅛfff', 'ㄴㄴㄴeee', '5', '3', '5', NULL, NULL, NULL, NULL, NULL, NULL, NULL, NULL, '2'),
	(12, 1117, '1', 1, '1', '1', '1', 'aa', 'ㅎㅎㅎㅎㅎ', 'ㄷㄷㄷㄷㄷ', 1, '1', '2020.11.20', '1', 1, 1, 1, 2, 1, '2020.10.15', '1', 2, 2, 2, 3, 1, '5', '3', '2', '1', '', '', 'N', '3', '2', '1', '2,4,9', '3,7,14', '4', '3,4', '3', '3', 'Y', 'N', '2', '2,3', '4,5', '2,3', '3,4,5', '2,3', '2,3,4', '2,3,5', '2,3,7', 'ㅎㅎㅎttt', 'ㄱㄱㄱhhh', 'ㅅㅅㅅggg', 'ㅛㅛㅛfff', 'ㄴㄴㄴeee', '5', '3', '5', NULL, NULL, NULL, NULL, NULL, NULL, NULL, NULL, '2');
/*!40000 ALTER TABLE `gs_per_cns_dtl` ENABLE KEYS */;

-- 테이블 apfm.gs_per_info_agre 구조 내보내기
CREATE TABLE IF NOT EXISTS `gs_per_info_agre` (
  `NUM` int(11) NOT NULL AUTO_INCREMENT COMMENT '일련번호',
  `DOC_GB` char(3) NOT NULL COMMENT '문서구분',
  `CNS_GB` int(11) NOT NULL COMMENT '상담구분',
  `ZONE_GB` char(3) NOT NULL COMMENT '권역구분',
  `CENTER_GB` char(10) NOT NULL COMMENT '센터구분',
  `CNSLE_ID` varchar(50) NOT NULL COMMENT '내담자ID',
  `CASE_NO` int(11) NOT NULL COMMENT 'case_no',
  `LOCAL_GB` char(10) NOT NULL COMMENT '지역구분',
  `WRITE_YN` char(1) DEFAULT NULL COMMENT '작성여부',
  `CNSLE_NM` varchar(50) DEFAULT NULL COMMENT '내담자명',
  `CENTER_NM` varchar(100) DEFAULT NULL COMMENT '센터명',
  `IDVL_INFO_CNTN1_YN` char(1) DEFAULT NULL COMMENT '개인정보동의_내용1_동의여부',
  `IDVL_INFO_CNTN2_YN` char(1) DEFAULT NULL COMMENT '개인정보동의_내용2_동의여부',
  `IDVL_INFO_CNTN3_YN` char(1) DEFAULT NULL COMMENT '개인정보동의_내용3_동의여부',
  `WRITE_DT` varchar(50) DEFAULT NULL COMMENT '작성일자',
  `PER_INFO_CFRM_SIGN` varchar(500) DEFAULT NULL COMMENT '개인정보동의_보안확인자_서명',
  `PER_INFO_SAFER_SIGN` varchar(500) DEFAULT NULL COMMENT '개인정보동의_보호자_서명',
  `DB_INS_TM` timestamp NULL DEFAULT NULL COMMENT '등록일시',
  PRIMARY KEY (`NUM`,`DOC_GB`,`CNS_GB`,`ZONE_GB`,`CENTER_GB`,`CNSLE_ID`,`CASE_NO`,`LOCAL_GB`)
) ENGINE=InnoDB AUTO_INCREMENT=10 DEFAULT CHARSET=utf8 COMMENT='개인정보수집이용동의';

-- 테이블 데이터 apfm.gs_per_info_agre:~9 rows (대략적) 내보내기
/*!40000 ALTER TABLE `gs_per_info_agre` DISABLE KEYS */;
INSERT INTO `gs_per_info_agre` (`NUM`, `DOC_GB`, `CNS_GB`, `ZONE_GB`, `CENTER_GB`, `CNSLE_ID`, `CASE_NO`, `LOCAL_GB`, `WRITE_YN`, `CNSLE_NM`, `CENTER_NM`, `IDVL_INFO_CNTN1_YN`, `IDVL_INFO_CNTN2_YN`, `IDVL_INFO_CNTN3_YN`, `WRITE_DT`, `PER_INFO_CFRM_SIGN`, `PER_INFO_SAFER_SIGN`, `DB_INS_TM`) VALUES
	(1, '1', 1, '1', '1', 'aaa', 1111, '1', 'Y', 'aaa', '', 'Y', 'Y', NULL, '20200101', '', '', '2020-10-06 10:41:54'),
	(2, '1', 1, '1', '1', 'bbb', 411111, '1', 'Y', 'bbb', '', 'Y', 'Y', NULL, '20201212', '', '', '2020-10-06 10:59:30'),
	(3, '1', 1, '1', '1', 'ccc', 1112, '1', 'Y', 'ccc', '', 'Y', 'Y', NULL, '20201005', '', '', '2020-10-10 10:41:54'),
	(4, '1', 1, '1', '1', 'person', 101, '1', 'Y', '홍길동', '', 'Y', 'Y', NULL, '20201005', '', '', '2020-10-10 10:41:54'),
	(5, '1', 1, '1', '1', 'aaa', 1111, '1', 'Y', 'aaa', '', 'Y', 'Y', NULL, '20201111', '', '', '2020-10-22 16:50:05'),
	(6, '1', 1, '1', '1', 'aa', 1114, '1', 'Y', '홍길동', '파주시노인복지관', 'Y', 'Y', NULL, '20201111', '', '', '2020-10-22 16:50:05'),
	(7, '1', 1, '1', '1', 'aa', 1115, '1', 'Y', '이순신', '서울시노인복지관', 'Y', 'Y', NULL, '20201003', '', '', '2020-10-22 16:50:05'),
	(8, '1', 1, '1', '1', 'aa', 1116, '1', 'Y', '박지성', '대구광역시노인복지관', 'Y', 'Y', NULL, '20200913', '', '', '2020-10-22 16:50:05'),
	(9, '1', 1, '1', '1', 'aa', 1117, '1', 'Y', '손흥민', '대전광역시노인복지관', 'Y', 'Y', NULL, '20200523', '', '', '2020-10-22 16:50:05');
/*!40000 ALTER TABLE `gs_per_info_agre` ENABLE KEYS */;

-- 테이블 apfm.gs_psy_anxi_doc 구조 내보내기
CREATE TABLE IF NOT EXISTS `gs_psy_anxi_doc` (
  `NUM` int(11) NOT NULL COMMENT '일련번호',
  `CASE_NO` int(11) DEFAULT NULL COMMENT 'case_no',
  `CNS_GB` char(1) DEFAULT NULL COMMENT '상담구분',
  `CNS_DTL_GB_CD` int(11) DEFAULT NULL COMMENT '상담세부구분코드',
  `ZONE_GB` char(3) DEFAULT NULL COMMENT '권역구분',
  `LOCAL_GB` char(10) DEFAULT NULL COMMENT '지역구분',
  `CENTER_GB` char(10) DEFAULT NULL COMMENT '센터구분',
  `CNSLE_ID` varchar(50) DEFAULT NULL COMMENT '내담자ID',
  `CNSLE_NM` varchar(50) DEFAULT NULL COMMENT '내담자명',
  `EXAM_DOC_CD` varchar(50) DEFAULT NULL COMMENT '검사지코드',
  `EXAM_DOC_NM` varchar(50) DEFAULT NULL COMMENT '검사지명',
  `CNSR_ID` varchar(50) DEFAULT NULL COMMENT '상담사ID',
  `CNSR_NM` varchar(50) DEFAULT NULL COMMENT '상담사명',
  `CNS_CNT` int(11) DEFAULT NULL COMMENT '상담회기',
  `PGRM_CD` varchar(20) DEFAULT NULL COMMENT '프로그램_코드',
  `PGRM_NM` varchar(100) DEFAULT NULL COMMENT '프로그램_명',
  `WRITE_DT` varchar(10) DEFAULT NULL COMMENT '검사일',
  `TEL_NO` varchar(20) DEFAULT NULL COMMENT '연락처',
  `NO1` char(1) DEFAULT NULL COMMENT 'NO1',
  `NO2` char(1) DEFAULT NULL COMMENT 'NO2',
  `NO3` char(1) DEFAULT NULL COMMENT 'NO3',
  `NO4` char(1) DEFAULT NULL COMMENT 'NO4',
  `NO5` char(1) DEFAULT NULL COMMENT 'NO5',
  `NO6` char(1) DEFAULT NULL COMMENT 'NO6',
  `NO7` char(1) DEFAULT NULL COMMENT 'NO7',
  `NO8` char(1) DEFAULT NULL COMMENT 'NO8',
  `NO9` char(1) DEFAULT NULL COMMENT 'NO9',
  `NO10` char(1) DEFAULT NULL COMMENT 'NO10',
  `NO11` char(1) DEFAULT NULL COMMENT 'NO11',
  `NO12` char(1) DEFAULT NULL COMMENT 'NO12',
  `NO13` char(1) DEFAULT NULL COMMENT 'NO13',
  `NO14` char(1) DEFAULT NULL COMMENT 'NO14',
  `NO15` char(1) DEFAULT NULL COMMENT 'NO15',
  `NO16` char(1) DEFAULT NULL COMMENT 'NO16',
  `NO17` char(1) DEFAULT NULL COMMENT 'NO17',
  `NO18` char(1) DEFAULT NULL COMMENT 'NO18',
  `NO19` char(1) DEFAULT NULL COMMENT 'NO19',
  `NO20` char(1) DEFAULT NULL COMMENT 'NO20',
  `DOC_SIGN_PATH` varchar(800) DEFAULT NULL COMMENT '전자서명_경로',
  `REG_ID` varchar(50) DEFAULT NULL COMMENT '등록자ID',
  `DB_INS_TM` timestamp NULL DEFAULT NULL COMMENT '등록일시'
) ENGINE=InnoDB DEFAULT CHARSET=utf8 ROW_FORMAT=DYNAMIC COMMENT='심리검사_검사지10 (불안척도)';

-- 테이블 데이터 apfm.gs_psy_anxi_doc:~1 rows (대략적) 내보내기
/*!40000 ALTER TABLE `gs_psy_anxi_doc` DISABLE KEYS */;
INSERT INTO `gs_psy_anxi_doc` (`NUM`, `CASE_NO`, `CNS_GB`, `CNS_DTL_GB_CD`, `ZONE_GB`, `LOCAL_GB`, `CENTER_GB`, `CNSLE_ID`, `CNSLE_NM`, `EXAM_DOC_CD`, `EXAM_DOC_NM`, `CNSR_ID`, `CNSR_NM`, `CNS_CNT`, `PGRM_CD`, `PGRM_NM`, `WRITE_DT`, `TEL_NO`, `NO1`, `NO2`, `NO3`, `NO4`, `NO5`, `NO6`, `NO7`, `NO8`, `NO9`, `NO10`, `NO11`, `NO12`, `NO13`, `NO14`, `NO15`, `NO16`, `NO17`, `NO18`, `NO19`, `NO20`, `DOC_SIGN_PATH`, `REG_ID`, `DB_INS_TM`) VALUES
	(1, 1001, NULL, NULL, NULL, NULL, NULL, 'aa', 'aa', NULL, NULL, NULL, NULL, NULL, NULL, NULL, '2020.11.11', '01015537763', '1', '1', '1', '1', '1', '1', '1', '1', '1', '1', '1', '4', '1', '1', '4', '1', '1', '4', '1', '4', NULL, NULL, '2020-11-24 10:24:56');
/*!40000 ALTER TABLE `gs_psy_anxi_doc` ENABLE KEYS */;

-- 테이블 apfm.gs_psy_bereav_doc 구조 내보내기
CREATE TABLE IF NOT EXISTS `gs_psy_bereav_doc` (
  `NUM` int(11) NOT NULL COMMENT '일련번호',
  `CASE_NO` int(11) DEFAULT NULL COMMENT 'case_no',
  `CNS_GB` char(1) DEFAULT NULL COMMENT '상담구분',
  `CNS_DTL_GB_CD` int(11) DEFAULT NULL COMMENT '상담세부구분코드',
  `ZONE_GB` char(3) DEFAULT NULL COMMENT '권역구분',
  `LOCAL_GB` char(10) DEFAULT NULL COMMENT '지역구분',
  `CENTER_GB` char(10) DEFAULT NULL COMMENT '센터구분',
  `CNSLE_ID` varchar(50) DEFAULT NULL COMMENT '내담자ID',
  `CNSLE_NM` varchar(50) DEFAULT NULL COMMENT '내담자명',
  `EXAM_DOC_CD` varchar(50) DEFAULT NULL COMMENT '검사지코드',
  `EXAM_DOC_NM` varchar(50) DEFAULT NULL COMMENT '검사지명',
  `CNSR_ID` varchar(50) DEFAULT NULL COMMENT '상담사ID',
  `CNSR_NM` varchar(50) DEFAULT NULL COMMENT '상담사명',
  `CNS_CNT` int(11) DEFAULT NULL COMMENT '상담회기',
  `PGRM_CD` varchar(20) DEFAULT NULL COMMENT '프로그램_코드',
  `PGRM_NM` varchar(100) DEFAULT NULL COMMENT '프로그램_명',
  `WRITE_DT` varchar(10) DEFAULT NULL COMMENT '검사일',
  `TEL_NO` varchar(20) DEFAULT NULL COMMENT '연락처',
  `NO1` char(1) DEFAULT NULL COMMENT 'NO1',
  `NO2` char(1) DEFAULT NULL COMMENT 'NO2',
  `NO3` char(1) DEFAULT NULL COMMENT 'NO3',
  `NO4` char(1) DEFAULT NULL COMMENT 'NO4',
  `NO5` char(1) DEFAULT NULL COMMENT 'NO5',
  `NO6` char(1) DEFAULT NULL COMMENT 'NO6',
  `NO7` char(1) DEFAULT NULL COMMENT 'NO7',
  `NO8` char(1) DEFAULT NULL COMMENT 'NO8',
  `NO9` char(1) DEFAULT NULL COMMENT 'NO9',
  `NO10` char(1) DEFAULT NULL COMMENT 'NO10',
  `NO11` char(1) DEFAULT NULL COMMENT 'NO11',
  `NO12` char(1) DEFAULT NULL COMMENT 'NO12',
  `NO13` char(1) DEFAULT NULL COMMENT 'NO13',
  `NO14` char(1) DEFAULT NULL COMMENT 'NO14',
  `NO15` char(1) DEFAULT NULL COMMENT 'NO15',
  `NO16` char(1) DEFAULT NULL COMMENT 'NO16',
  `NO17` char(1) DEFAULT NULL COMMENT 'NO17',
  `NO18` char(1) DEFAULT NULL COMMENT 'NO18',
  `NO19` char(1) DEFAULT NULL COMMENT 'NO19',
  `DOC_SIGN_PATH` varchar(800) DEFAULT NULL COMMENT '전자서명_경로',
  `REG_ID` varchar(50) DEFAULT NULL COMMENT '등록자ID',
  `DB_INS_TM` timestamp NULL DEFAULT NULL COMMENT '등록일시'
) ENGINE=InnoDB DEFAULT CHARSET=utf8 ROW_FORMAT=DYNAMIC COMMENT='심리검사_검사지14 (부부의사소통 척도)';

-- 테이블 데이터 apfm.gs_psy_bereav_doc:~1 rows (대략적) 내보내기
/*!40000 ALTER TABLE `gs_psy_bereav_doc` DISABLE KEYS */;
INSERT INTO `gs_psy_bereav_doc` (`NUM`, `CASE_NO`, `CNS_GB`, `CNS_DTL_GB_CD`, `ZONE_GB`, `LOCAL_GB`, `CENTER_GB`, `CNSLE_ID`, `CNSLE_NM`, `EXAM_DOC_CD`, `EXAM_DOC_NM`, `CNSR_ID`, `CNSR_NM`, `CNS_CNT`, `PGRM_CD`, `PGRM_NM`, `WRITE_DT`, `TEL_NO`, `NO1`, `NO2`, `NO3`, `NO4`, `NO5`, `NO6`, `NO7`, `NO8`, `NO9`, `NO10`, `NO11`, `NO12`, `NO13`, `NO14`, `NO15`, `NO16`, `NO17`, `NO18`, `NO19`, `DOC_SIGN_PATH`, `REG_ID`, `DB_INS_TM`) VALUES
	(1, 1001, NULL, NULL, NULL, NULL, NULL, 'aa', 'aa', NULL, NULL, NULL, NULL, NULL, NULL, NULL, '2020.11.11', '01015537763', '1', '1', '1', '1', '1', '1', '1', '1', '1', '1', '1', '1', '1', '1', '1', '1', '1', '1', '1', NULL, NULL, '2020-11-24 10:46:34');
/*!40000 ALTER TABLE `gs_psy_bereav_doc` ENABLE KEYS */;

-- 테이블 apfm.gs_psy_duke_doc 구조 내보내기
CREATE TABLE IF NOT EXISTS `gs_psy_duke_doc` (
  `NUM` int(11) NOT NULL COMMENT '일련번호',
  `CASE_NO` int(11) DEFAULT NULL COMMENT 'case_no',
  `CNS_GB` char(1) DEFAULT NULL COMMENT '상담구분',
  `CNS_DTL_GB_CD` int(11) DEFAULT NULL COMMENT '상담세부구분코드(개인상담, 집단상담)',
  `ZONE_GB` char(3) DEFAULT NULL COMMENT '권역구분',
  `LOCAL_GB` char(10) DEFAULT NULL COMMENT '지역구분',
  `CENTER_GB` char(10) DEFAULT NULL COMMENT '센터구분',
  `CNSLE_ID` varchar(50) DEFAULT NULL COMMENT '내담자ID',
  `CNSLE_NM` varchar(50) DEFAULT NULL COMMENT '내담자명',
  `EXAM_DOC_CD` varchar(50) DEFAULT NULL COMMENT '검사지코드',
  `EXAM_DOC_NM` varchar(50) DEFAULT NULL COMMENT '검사지명',
  `CNSR_ID` varchar(50) DEFAULT NULL COMMENT '상담사ID',
  `CNSR_NM` varchar(50) DEFAULT NULL COMMENT '상담사명',
  `CNS_CNT` int(11) DEFAULT NULL COMMENT '상담회기',
  `PGRM_CD` varchar(20) DEFAULT NULL COMMENT '프로그램_코드',
  `PGRM_NM` varchar(100) DEFAULT NULL COMMENT '프로그램_명',
  `GENDER` char(1) DEFAULT NULL COMMENT '성별',
  `WRITE_DT` varchar(10) DEFAULT NULL COMMENT '검사일',
  `AGE` varchar(3) DEFAULT NULL COMMENT '나이',
  `TEL_NO` varchar(20) DEFAULT NULL COMMENT '연락처',
  `NO1` char(1) DEFAULT NULL COMMENT 'NO1',
  `NO2` char(1) DEFAULT NULL COMMENT 'NO2',
  `NO3` char(1) DEFAULT NULL COMMENT 'NO3',
  `NO4` char(1) DEFAULT NULL COMMENT 'NO4',
  `NO5` char(1) DEFAULT NULL COMMENT 'NO5',
  `NO6` char(1) DEFAULT NULL COMMENT 'NO6',
  `NO7` char(1) DEFAULT NULL COMMENT 'NO7',
  `SUM_CNT` int(11) DEFAULT NULL COMMENT '총점',
  `DOC_SIGN_PATH` varchar(800) DEFAULT NULL COMMENT '전자서명_경로',
  `REG_ID` varchar(50) DEFAULT NULL COMMENT '등록자ID',
  `DB_INS_TM` timestamp NULL DEFAULT NULL COMMENT '등록일시'
) ENGINE=InnoDB DEFAULT CHARSET=utf8 COMMENT='심리검사_검사지2 (DUKE-AD)';

-- 테이블 데이터 apfm.gs_psy_duke_doc:~10 rows (대략적) 내보내기
/*!40000 ALTER TABLE `gs_psy_duke_doc` DISABLE KEYS */;
INSERT INTO `gs_psy_duke_doc` (`NUM`, `CASE_NO`, `CNS_GB`, `CNS_DTL_GB_CD`, `ZONE_GB`, `LOCAL_GB`, `CENTER_GB`, `CNSLE_ID`, `CNSLE_NM`, `EXAM_DOC_CD`, `EXAM_DOC_NM`, `CNSR_ID`, `CNSR_NM`, `CNS_CNT`, `PGRM_CD`, `PGRM_NM`, `GENDER`, `WRITE_DT`, `AGE`, `TEL_NO`, `NO1`, `NO2`, `NO3`, `NO4`, `NO5`, `NO6`, `NO7`, `SUM_CNT`, `DOC_SIGN_PATH`, `REG_ID`, `DB_INS_TM`) VALUES
	(1, 1001, NULL, NULL, NULL, NULL, NULL, NULL, 'aa', NULL, NULL, NULL, NULL, NULL, NULL, NULL, 'M', '2020.11.03', '39', '01015537763', '1', '1', '1', '1', '1', '1', '1', 10, NULL, NULL, '2020-11-23 21:35:28'),
	(2, 1001, NULL, NULL, NULL, NULL, NULL, 'aa', 'aa', NULL, NULL, NULL, NULL, NULL, NULL, NULL, 'M', '2020.11.03', '39', '01015537763', '2', '1', '1', '1', '1', '2', '2', 10, NULL, NULL, '2020-11-24 16:43:42'),
	(3, 1001, NULL, NULL, NULL, NULL, NULL, 'aa', 'aa', NULL, NULL, NULL, NULL, NULL, NULL, NULL, 'M', '2020.11.11', '40', '01015537763', '2', '1', '1', '2', '1', '0', '2', 10, NULL, NULL, '2020-11-24 16:44:51'),
	(4, 1001, NULL, NULL, NULL, NULL, NULL, 'aa', 'aa', NULL, NULL, NULL, NULL, NULL, NULL, NULL, 'M', '2020.11.03', '40', '01015537763', '2', '1', '1', '1', '1', '0', '2', 10, NULL, NULL, '2020-11-24 17:03:41'),
	(5, 1001, NULL, NULL, NULL, NULL, NULL, 'aa', 'aa', NULL, NULL, NULL, NULL, NULL, NULL, NULL, 'M', '2020.11.03', '40', '01015537763', '2', '1', '1', '1', '1', '0', '2', 10, NULL, NULL, '2020-11-24 17:03:47'),
	(6, 1001, NULL, NULL, NULL, NULL, NULL, 'aa', 'aa', NULL, NULL, NULL, NULL, NULL, NULL, NULL, 'M', '2020.11.03', '39', '01015537763', '2', '1', '1', '1', '2', '2', '1', 10, NULL, NULL, '2020-11-24 17:04:08'),
	(7, 1001, NULL, NULL, NULL, NULL, NULL, 'aa', 'aa', NULL, NULL, NULL, NULL, NULL, NULL, NULL, 'M', '2020.11.03', '39', '01015537763', '2', '1', '1', '1', '2', '2', '1', 10, NULL, NULL, '2020-11-24 17:04:22'),
	(8, 1001, NULL, NULL, NULL, NULL, NULL, 'aa', 'aa', NULL, NULL, NULL, NULL, NULL, NULL, NULL, 'M', '2020.11.03', '39', '01015537763', '1', '1', '2', NULL, '1', '1', '1', 10, NULL, NULL, '2020-11-24 17:06:19'),
	(9, 1001, NULL, NULL, NULL, NULL, NULL, 'aa', 'aa', NULL, NULL, NULL, NULL, NULL, NULL, NULL, 'M', '2020.11.11', '39', '01015537763', '2', '1', '1', '2', '2', '0', '1', 10, NULL, NULL, '2020-11-24 17:06:53'),
	(10, 1001, NULL, NULL, NULL, NULL, NULL, 'aa', 'aa', NULL, NULL, NULL, NULL, NULL, NULL, NULL, 'M', '2020.11.03', '40', '01015537763', '2', '2', '1', '0', '0', '0', '1', 10, NULL, NULL, '2020-11-24 17:07:20');
/*!40000 ALTER TABLE `gs_psy_duke_doc` ENABLE KEYS */;

-- 테이블 apfm.gs_psy_gds_doc 구조 내보내기
CREATE TABLE IF NOT EXISTS `gs_psy_gds_doc` (
  `NUM` int(11) NOT NULL COMMENT '일련번호',
  `CASE_NO` int(11) DEFAULT NULL COMMENT 'case_no',
  `CNS_GB` char(1) DEFAULT NULL COMMENT '상담구분',
  `CNS_DTL_GB_CD` int(11) DEFAULT NULL COMMENT '상담세부구분코드(개인상담, 집단상담)',
  `ZONE_GB` char(3) DEFAULT NULL COMMENT '권역구분',
  `LOCAL_GB` char(10) DEFAULT NULL COMMENT '지역구분',
  `CENTER_GB` char(10) DEFAULT NULL COMMENT '센터구분',
  `CNSLE_ID` varchar(50) DEFAULT NULL COMMENT '내담자ID',
  `CNSLE_NM` varchar(50) DEFAULT NULL COMMENT '내담자명',
  `EXAM_DOC_CD` varchar(50) DEFAULT NULL COMMENT '검사지코드',
  `EXAM_DOC_NM` varchar(50) DEFAULT NULL COMMENT '검사지명',
  `CNSR_ID` varchar(50) DEFAULT NULL COMMENT '상담사ID',
  `CNSR_NM` varchar(50) DEFAULT NULL COMMENT '상담사명',
  `CNS_CNT` int(11) DEFAULT NULL COMMENT '상담회기',
  `PGRM_CD` varchar(20) DEFAULT NULL COMMENT '프로그램_코드',
  `PGRM_NM` varchar(100) DEFAULT NULL COMMENT '프로그램_명',
  `GENDER` char(1) DEFAULT NULL COMMENT '성별',
  `WRITE_DT` varchar(10) DEFAULT NULL COMMENT '검사일',
  `AGE` varchar(3) DEFAULT NULL COMMENT '나이',
  `TEL_NO` varchar(20) DEFAULT NULL COMMENT '연락처',
  `NO1` char(1) DEFAULT NULL COMMENT 'NO1',
  `NO2` char(1) DEFAULT NULL COMMENT 'NO2',
  `NO3` char(1) DEFAULT NULL COMMENT 'NO3',
  `NO4` char(1) DEFAULT NULL COMMENT 'NO4',
  `NO5` char(1) DEFAULT NULL COMMENT 'NO5',
  `NO6` char(1) DEFAULT NULL COMMENT 'NO6',
  `NO7` char(1) DEFAULT NULL COMMENT 'NO7',
  `NO8` char(1) DEFAULT NULL COMMENT 'NO8',
  `NO9` char(1) DEFAULT NULL COMMENT 'NO9',
  `NO10` char(1) DEFAULT NULL COMMENT 'NO10',
  `NO11` char(1) DEFAULT NULL COMMENT 'NO11',
  `NO12` char(1) DEFAULT NULL COMMENT 'NO12',
  `NO13` char(1) DEFAULT NULL COMMENT 'NO13',
  `NO14` char(1) DEFAULT NULL COMMENT 'NO14',
  `NO15` char(1) DEFAULT NULL COMMENT 'NO15',
  `NO16` char(1) DEFAULT NULL COMMENT 'NO16',
  `NO17` char(1) DEFAULT NULL COMMENT 'NO17',
  `NO18` char(1) DEFAULT NULL COMMENT 'NO18',
  `NO19` char(1) DEFAULT NULL COMMENT 'NO19',
  `SUM_CNT` int(11) DEFAULT NULL COMMENT '총점',
  `DOC_SIGN_PATH` varchar(800) DEFAULT NULL COMMENT '전자서명_경로',
  `REG_ID` varchar(50) DEFAULT NULL COMMENT '등록자ID',
  `DB_INS_TM` timestamp NULL DEFAULT NULL COMMENT '등록일시'
) ENGINE=InnoDB DEFAULT CHARSET=utf8 COMMENT='심리검사_검사지5 (GDS-SI)';

-- 테이블 데이터 apfm.gs_psy_gds_doc:~1 rows (대략적) 내보내기
/*!40000 ALTER TABLE `gs_psy_gds_doc` DISABLE KEYS */;
INSERT INTO `gs_psy_gds_doc` (`NUM`, `CASE_NO`, `CNS_GB`, `CNS_DTL_GB_CD`, `ZONE_GB`, `LOCAL_GB`, `CENTER_GB`, `CNSLE_ID`, `CNSLE_NM`, `EXAM_DOC_CD`, `EXAM_DOC_NM`, `CNSR_ID`, `CNSR_NM`, `CNS_CNT`, `PGRM_CD`, `PGRM_NM`, `GENDER`, `WRITE_DT`, `AGE`, `TEL_NO`, `NO1`, `NO2`, `NO3`, `NO4`, `NO5`, `NO6`, `NO7`, `NO8`, `NO9`, `NO10`, `NO11`, `NO12`, `NO13`, `NO14`, `NO15`, `NO16`, `NO17`, `NO18`, `NO19`, `SUM_CNT`, `DOC_SIGN_PATH`, `REG_ID`, `DB_INS_TM`) VALUES
	(1, 1001, NULL, NULL, NULL, NULL, NULL, 'aa', 'aa', NULL, NULL, NULL, NULL, NULL, NULL, NULL, 'M', NULL, '39', '01015537763', 'Y', 'Y', 'Y', 'Y', 'Y', 'Y', 'Y', 'Y', 'Y', 'Y', 'Y', 'Y', 'Y', 'Y', 'Y', '2', '2', '3', '2', 11, NULL, NULL, '2020-11-24 09:46:35');
/*!40000 ALTER TABLE `gs_psy_gds_doc` ENABLE KEYS */;

-- 테이블 apfm.gs_psy_perrel_doc 구조 내보내기
CREATE TABLE IF NOT EXISTS `gs_psy_perrel_doc` (
  `NUM` int(11) NOT NULL COMMENT '일련번호',
  `CASE_NO` int(11) DEFAULT NULL COMMENT 'case_no',
  `CNS_GB` char(1) DEFAULT NULL COMMENT '상담구분',
  `CNS_DTL_GB_CD` int(11) DEFAULT NULL COMMENT '상담세부구분코드',
  `ZONE_GB` char(3) DEFAULT NULL COMMENT '권역구분',
  `LOCAL_GB` char(10) DEFAULT NULL COMMENT '지역구분',
  `CENTER_GB` char(10) DEFAULT NULL COMMENT '센터구분',
  `CNSLE_ID` varchar(50) DEFAULT NULL COMMENT '내담자ID',
  `CNSLE_NM` varchar(50) DEFAULT NULL COMMENT '내담자명',
  `EXAM_DOC_CD` varchar(50) DEFAULT NULL COMMENT '검사지코드',
  `EXAM_DOC_NM` varchar(50) DEFAULT NULL COMMENT '검사지명',
  `CNSR_ID` varchar(50) DEFAULT NULL COMMENT '상담사ID',
  `CNSR_NM` varchar(50) DEFAULT NULL COMMENT '상담사명',
  `CNS_CNT` int(11) DEFAULT NULL COMMENT '상담회기',
  `PGRM_CD` varchar(20) DEFAULT NULL COMMENT '프로그램_코드',
  `PGRM_NM` varchar(100) DEFAULT NULL COMMENT '프로그램_명',
  `WRITE_DT` varchar(10) DEFAULT NULL COMMENT '검사일',
  `TEL_NO` varchar(20) DEFAULT NULL COMMENT '연락처',
  `NO1` char(1) DEFAULT NULL COMMENT 'NO1',
  `NO2` char(1) DEFAULT NULL COMMENT 'NO2',
  `NO3` char(1) DEFAULT NULL COMMENT 'NO3',
  `NO4` char(1) DEFAULT NULL COMMENT 'NO4',
  `NO5` char(1) DEFAULT NULL COMMENT 'NO5',
  `NO6` char(1) DEFAULT NULL COMMENT 'NO6',
  `NO7` char(1) DEFAULT NULL COMMENT 'NO7',
  `NO8` char(1) DEFAULT NULL COMMENT 'NO8',
  `NO9` char(1) DEFAULT NULL COMMENT 'NO9',
  `NO10` char(1) DEFAULT NULL COMMENT 'NO10',
  `NO11` char(1) DEFAULT NULL COMMENT 'NO11',
  `NO12` char(1) DEFAULT NULL COMMENT 'NO12',
  `NO13` char(1) DEFAULT NULL COMMENT 'NO13',
  `NO14` char(1) DEFAULT NULL COMMENT 'NO14',
  `NO15` char(1) DEFAULT NULL COMMENT 'NO15',
  `NO16` char(1) DEFAULT NULL COMMENT 'NO16',
  `NO17` char(1) DEFAULT NULL COMMENT 'NO17',
  `NO18` char(1) DEFAULT NULL COMMENT 'NO18',
  `NO19` char(1) DEFAULT NULL COMMENT 'NO19',
  `NO20` char(1) DEFAULT NULL COMMENT 'NO20',
  `NO21` char(1) DEFAULT NULL COMMENT 'NO21',
  `NO22` char(1) DEFAULT NULL COMMENT 'NO22',
  `NO23` char(1) DEFAULT NULL COMMENT 'NO23',
  `NO24` char(1) DEFAULT NULL COMMENT 'NO24',
  `NO25` char(1) DEFAULT NULL COMMENT 'NO25',
  `DOC_SIGN_PATH` varchar(800) DEFAULT NULL COMMENT '전자서명_경로',
  `REG_ID` varchar(50) DEFAULT NULL COMMENT '등록자ID',
  `DB_INS_TM` timestamp NULL DEFAULT NULL COMMENT '등록일시'
) ENGINE=InnoDB DEFAULT CHARSET=utf8 ROW_FORMAT=DYNAMIC COMMENT='심리검사_검사지8 (대인관계변화척도)';

-- 테이블 데이터 apfm.gs_psy_perrel_doc:~1 rows (대략적) 내보내기
/*!40000 ALTER TABLE `gs_psy_perrel_doc` DISABLE KEYS */;
INSERT INTO `gs_psy_perrel_doc` (`NUM`, `CASE_NO`, `CNS_GB`, `CNS_DTL_GB_CD`, `ZONE_GB`, `LOCAL_GB`, `CENTER_GB`, `CNSLE_ID`, `CNSLE_NM`, `EXAM_DOC_CD`, `EXAM_DOC_NM`, `CNSR_ID`, `CNSR_NM`, `CNS_CNT`, `PGRM_CD`, `PGRM_NM`, `WRITE_DT`, `TEL_NO`, `NO1`, `NO2`, `NO3`, `NO4`, `NO5`, `NO6`, `NO7`, `NO8`, `NO9`, `NO10`, `NO11`, `NO12`, `NO13`, `NO14`, `NO15`, `NO16`, `NO17`, `NO18`, `NO19`, `NO20`, `NO21`, `NO22`, `NO23`, `NO24`, `NO25`, `DOC_SIGN_PATH`, `REG_ID`, `DB_INS_TM`) VALUES
	(1, 1001, NULL, NULL, NULL, NULL, NULL, 'aa', 'aa', NULL, NULL, NULL, NULL, NULL, NULL, NULL, '2020.11.03', '01015537763', '1', '1', '1', '1', '1', '5', '5', '4', '4', '2', '4', '4', '4', '3', '5', '4', '2', '4', '4', '4', '2', '2', '2', '2', '2', NULL, NULL, '2020-11-24 10:14:11');
/*!40000 ALTER TABLE `gs_psy_perrel_doc` ENABLE KEYS */;

-- 테이블 apfm.gs_user_m 구조 내보내기
CREATE TABLE IF NOT EXISTS `gs_user_m` (
  `USER_ID` varchar(50) NOT NULL COMMENT '회원ID',
  `USER_NM` varchar(50) DEFAULT NULL COMMENT '회원명',
  `PW` varchar(50) DEFAULT NULL COMMENT '비밀번호',
  `GENDER` char(1) DEFAULT NULL COMMENT '성별',
  `BIRTH_DT` varchar(50) DEFAULT NULL COMMENT '생년월일',
  `EMAIL` varchar(200) DEFAULT NULL COMMENT '이메일',
  `AUTH_CD` varchar(50) DEFAULT NULL COMMENT '권한코드',
  `FLAG` varchar(10) DEFAULT NULL COMMENT 'FLAG',
  `ACPT_DT` varchar(20) DEFAULT NULL COMMENT '가입일자',
  `OUT_DT` date DEFAULT NULL COMMENT '탈퇴일자',
  `TEL` varchar(20) DEFAULT NULL COMMENT '전화번호',
  `MOBILE` varchar(20) DEFAULT NULL COMMENT '핸드폰',
  `ADDR` varchar(200) DEFAULT NULL COMMENT '기본주소',
  `ADDR_DTL` varchar(200) DEFAULT NULL COMMENT '상세주소',
  `ZIP_CD` varchar(20) DEFAULT NULL COMMENT '우편번호',
  `USE_YN` char(1) DEFAULT NULL COMMENT '사용여부',
  `APPRV_YN` char(1) DEFAULT NULL COMMENT '승인여부',
  `REG_ID` varchar(50) DEFAULT NULL COMMENT '등록자ID',
  `JOIN_PATH` char(1) DEFAULT NULL COMMENT '가입경로',
  `DB_UPD_TM` timestamp NULL DEFAULT NULL COMMENT '수정일시',
  `DB_INS_TM` timestamp NULL DEFAULT NULL COMMENT '등록일시',
  PRIMARY KEY (`USER_ID`) USING BTREE
) ENGINE=InnoDB DEFAULT CHARSET=utf8 COMMENT='사용자';

-- 테이블 데이터 apfm.gs_user_m:~19 rows (대략적) 내보내기
/*!40000 ALTER TABLE `gs_user_m` DISABLE KEYS */;
INSERT INTO `gs_user_m` (`USER_ID`, `USER_NM`, `PW`, `GENDER`, `BIRTH_DT`, `EMAIL`, `AUTH_CD`, `FLAG`, `ACPT_DT`, `OUT_DT`, `TEL`, `MOBILE`, `ADDR`, `ADDR_DTL`, `ZIP_CD`, `USE_YN`, `APPRV_YN`, `REG_ID`, `JOIN_PATH`, `DB_UPD_TM`, `DB_INS_TM`) VALUES
	('aa', 'aa', 'bb', 'M', '19900202', 'test11@naver.com', NULL, NULL, '20-10-05', NULL, '01015537763', '123', '123', NULL, NULL, 'Y', 'Y', '', NULL, '2020-10-05 17:13:01', '2020-10-05 17:13:01'),
	('bbb', 'bbb', '1234', 'M', '19880101', 'aaa', NULL, NULL, '20-10-05', NULL, '1515', '1515', 'aaa', NULL, NULL, 'Y', NULL, '', NULL, '2020-10-05 21:11:19', '2020-10-05 21:11:19'),
	('eee', '호호호', '1234', 'F', '2020.10.15', 'ororo@naver.com', NULL, NULL, '2020-11-09 18:07:00', NULL, NULL, '01011111111', NULL, NULL, NULL, 'N', NULL, NULL, NULL, NULL, NULL),
	('ererrgerg', '123', '1234', 'M', '2020.10.15', '123', NULL, NULL, '20-11-12', NULL, '123123', '123123', '서울시 관악구', NULL, NULL, 'Y', NULL, '', NULL, '2020-11-12 18:02:48', '2020-11-12 18:02:48'),
	('test', 'test', '1234', 'M', '19880101', 'test@naver.com', NULL, NULL, '20200917', NULL, '01012341234', '01012341234', '서울', '원룸', NULL, 'Y', NULL, 'test', NULL, NULL, NULL),
	('test10', 'test10', '1234', 'M', '2020-05-22', 'test6@naver.com', '1', NULL, NULL, NULL, '01033337676', '01012341234', '경기도 양주시 복지관빌딩 12-190', NULL, NULL, 'Y', 'Y', NULL, 'I', NULL, '2020-11-24 21:02:28'),
	('test101', '문상담', '1234', 'M', '20200924', 'test7@naver.com', NULL, NULL, '2020-10-15 11:09:28', NULL, NULL, '01012341234', NULL, NULL, NULL, 'Y', NULL, NULL, NULL, NULL, NULL),
	('test11', 'test10', '1234', 'M', '2020-05-22', 'test7@naver.com', '1', NULL, '20-11-24', NULL, '01033337676', '01012341234', '경기도 양주시 복지관빌딩 12-190', NULL, NULL, 'Y', 'Y', NULL, 'I', NULL, '2020-11-24 21:05:39'),
	('test12', 'test12', '1234', 'M', '2020-05-22', 'test7@naver.com', '1', NULL, '2020YYY-NovemberM-24', NULL, '01090903535', '01012341234', '경기도 양주시 복지관빌딩 12-190', NULL, NULL, 'Y', 'Y', NULL, 'I', NULL, '2020-11-24 21:07:02'),
	('test1234', 'dddd', '1234', 'M', '2020.10.08', 'ororo@naver.com', NULL, NULL, '20-11-12', NULL, '123', '6666', '123213', NULL, NULL, 'Y', NULL, '', NULL, '2020-11-12 21:06:14', '2020-11-12 21:06:14'),
	('test13', 'test12', '1234', 'M', '2020-05-22', 'test6@naver.com', '1', NULL, '2020-11-24', NULL, '01033337676', '01011112222', '경기도 양주시 복지관빌딩 12-190', NULL, NULL, 'Y', 'Y', NULL, 'I', NULL, '2020-11-24 21:09:02'),
	('test2', 'test2', 'test', 'M', '132', '32', NULL, NULL, '2020-09-24 20:27:19', NULL, NULL, '32', NULL, NULL, NULL, 'N', NULL, NULL, NULL, NULL, NULL),
	('test3', 'test3', 'test3', 'F', '20200924', 'test3@naver.com', NULL, NULL, '2020-09-24 20:38:14', NULL, NULL, '01012341234', NULL, NULL, NULL, 'N', NULL, NULL, NULL, NULL, NULL),
	('test4', 'test4', 'test4', 'F', '20200924', 'test4@naver.com', NULL, NULL, '2020-09-24 20:47:38', NULL, NULL, '01043214321', NULL, NULL, NULL, 'Y', NULL, NULL, NULL, NULL, NULL),
	('test5', '박상담', 'test5', 'F', '20200925', 'test5@naver.com', NULL, NULL, '2020-10-12 09:04:05', NULL, NULL, '01012341234', NULL, NULL, NULL, 'Y', NULL, NULL, NULL, NULL, NULL),
	('test6', 'test6', 'test6', 'F', '20200924', 'test6@naver.com', NULL, NULL, '2020-10-12 09:03:18', NULL, NULL, '01011112222', NULL, NULL, NULL, 'N', NULL, NULL, NULL, NULL, NULL),
	('test7', 'test7', 'test7', 'M', '20200924', 'test7@naver.com', NULL, NULL, '2020-10-15 11:09:28', NULL, NULL, '01012341234', NULL, NULL, NULL, 'Y', NULL, NULL, NULL, NULL, NULL),
	('testtest4', 'oooo', '1234', 'F', '2020.10.08', 'ororo@naver.com', NULL, NULL, '20-11-12', NULL, '123123', '123123', '서울시 관악구', NULL, NULL, 'Y', NULL, '', NULL, '2020-11-12 16:46:40', '2020-11-12 16:46:40'),
	('tete', 'er', 'rg', 'M', '2020.10.08', '123', NULL, NULL, '20-11-10', NULL, '123123', '123123', '서울시 관악구', NULL, NULL, 'Y', NULL, '', NULL, '2020-11-10 15:17:37', '2020-11-10 15:17:37');
/*!40000 ALTER TABLE `gs_user_m` ENABLE KEYS */;

/*!40101 SET SQL_MODE=IFNULL(@OLD_SQL_MODE, '') */;
/*!40014 SET FOREIGN_KEY_CHECKS=IF(@OLD_FOREIGN_KEY_CHECKS IS NULL, 1, @OLD_FOREIGN_KEY_CHECKS) */;
/*!40101 SET CHARACTER_SET_CLIENT=@OLD_CHARACTER_SET_CLIENT */;
